"entry_price","exit_price","profit_loss","quantity","entry_time","exit_time","id","user_id","asset","trade_style"
"50792.60884957148","51608.21856997374","3.112266780597394","0.006545628099745582","2024-10-26 23:35:33.599343","2024-10-27 00:56:33.599343","1","2","BTCUSDT","DAY_TRADING"
"51608.21856997374","51856.447566653085","0.188753447759039","0.001955800649076373","2024-10-27 01:35:33.599343","2024-10-27 03:12:33.599343","2","2","BTCUSDT","DAY_TRADING"
"51856.447566653085","51397.508474686845","-2.157963983562383","0.005757712562998345","2024-10-27 03:35:33.599343","2024-10-27 04:40:33.599343","3","1","BTCUSDT","DAY_TRADING"
"51397.508474686845","51201.4868471381","-1.3529612242221167","0.004530702572435914","2024-10-27 06:35:33.599343","2024-11-01 06:35:33.599343","4","2","BTCUSDT","SWING_TRADING"
"51201.4868471381","50909.38803638343","-1.4681045550730643","0.007448343399763738","2024-10-27 08:35:33.599343","2024-10-27 08:59:33.599343","5","1","BTCUSDT","SCALPING"
"50909.38803638343","50004.72118075809","-1.673812392001388","0.0016645227490593726","2024-10-27 09:35:33.599343","2024-10-29 09:35:33.599343","6","2","BTCUSDT","SWING_TRADING"
"50004.72118075809","50000","-0.3011306425520357","0.004313125554094634","2024-10-27 12:35:33.599343","2024-10-27 14:11:33.599343","7","2","BTCUSDT","DAY_TRADING"
"50000","50623.35532754614","1.723748450827451","0.00494636412857475","2024-10-27 14:35:33.599343","2024-10-27 15:32:33.599343","8","1","BTCUSDT","DAY_TRADING"
"50623.35532754614","50264.17754500134","-1.2413763476773294","0.005396522215769362","2024-10-27 17:35:33.599343","2024-10-27 17:46:33.599343","9","2","BTCUSDT","SCALPING"
"50264.17754500134","50000","-0.4517615773245407","0.0018593984279630573","2024-10-27 18:35:33.599343","2024-10-27 19:34:33.599343","10","1","BTCUSDT","DAY_TRADING"
"50000","50085.91518166209","-0.018199889350586224","0.0025686587536834764","2024-10-27 19:35:33.599343","2024-10-27 19:45:33.599343","11","1","BTCUSDT","SCALPING"
"50085.91518166209","50000","-0.6568276156514712","0.003531310442772505","2024-10-27 22:35:33.599343","2024-10-29 22:35:33.599343","12","1","BTCUSDT","SWING_TRADING"
"50000","50000","-0.13688783781530606","0.0013688783781530605","2024-10-28 01:35:33.599343","2024-10-30 01:35:33.599343","13","2","BTCUSDT","SWING_TRADING"
"50000","50000","-0.2779817646529201","0.0027798176465292012","2024-10-28 02:35:33.599343","2024-11-01 02:35:33.599343","14","1","BTCUSDT","SWING_TRADING"
"50000","50039.4002510694","-0.2940022947110761","0.004848390828015385","2024-10-28 03:35:33.599343","2024-10-29 03:35:33.599343","15","1","BTCUSDT","SWING_TRADING"
"50039.4002510694","50353.28304290181","1.0269831385634316","0.009620896683169055","2024-10-28 06:35:33.599343","2024-10-28 06:44:33.599343","16","1","BTCUSDT","SCALPING"
"50353.28304290181","50307.65725917656","-0.19478358528238737","0.0026630384483283765","2024-10-28 08:35:33.599343","2024-10-28 09:04:33.599343","17","1","BTCUSDT","SCALPING"
"50307.65725917656","51026.83519440165","1.2522513674632736","0.004053620321180226","2024-10-28 11:35:33.599343","2024-10-28 11:49:33.599343","18","2","BTCUSDT","SCALPING"
"51026.83519440165","51788.83159271504","1.9032449770110926","0.0057745770954326665","2024-10-28 13:35:33.599343","2024-10-28 13:57:33.599343","19","2","BTCUSDT","SCALPING"
"51788.83159271504","52706.370614192674","1.500482569804359","0.0018455125470976975","2024-10-28 14:35:33.599343","2024-11-01 14:35:33.599343","20","2","BTCUSDT","SWING_TRADING"
"52706.370614192674","51675.00358842409","-4.6073550627420214","0.00811333753648055","2024-10-28 15:35:33.599343","2024-10-28 15:54:33.599343","21","1","BTCUSDT","SCALPING"
"51675.00358842409","52436.27318192787","0.8666559534280951","0.002637586503465502","2024-10-28 18:35:33.599343","2024-10-28 18:47:33.599343","22","2","BTCUSDT","SCALPING"
"52436.27318192787","52966.56668783073","1.942391725670376","0.006857264283321714","2024-10-28 21:35:33.599343","2024-10-28 22:08:33.599343","23","1","BTCUSDT","DAY_TRADING"
"52966.56668783073","52499.40566545648","-1.7375357202021204","0.006068647605510982","2024-10-28 23:35:33.599343","2024-10-28 23:58:33.599343","24","1","BTCUSDT","SCALPING"
"52499.40566545648","53397.46261794651","3.2097691495110285","0.004051919824672425","2024-10-29 01:35:33.599343","2024-11-01 01:35:33.599343","25","1","BTCUSDT","SWING_TRADING"
"53397.46261794651","54567.29897943523","3.0127145435718434","0.004255761069248111","2024-10-29 02:35:33.599343","2024-10-29 03:47:33.599343","26","2","BTCUSDT","DAY_TRADING"
"54567.29897943523","55245.990458166096","0.5870992154219389","0.0010320297499036015","2024-10-29 04:35:33.599343","2024-10-31 04:35:33.599343","27","1","BTCUSDT","SWING_TRADING"
"55245.990458166096","55158.85972215487","-0.7175683446105021","0.003632602906874148","2024-10-29 05:35:33.599343","2024-10-31 05:35:33.599343","28","2","BTCUSDT","SWING_TRADING"
"55158.85972215487","55282.24280149505","0.043440505527417905","0.006713117500247054","2024-10-29 06:35:33.599343","2024-10-29 06:54:33.599343","29","1","BTCUSDT","SCALPING"
"55282.24280149505","56261.4453927743","2.078464072094498","0.004790970425600351","2024-10-29 08:35:33.599343","2024-10-29 08:57:33.599343","30","1","BTCUSDT","SCALPING"
"56261.4453927743","55839.621887795955","-1.5489015139161348","0.0058019487934899625","2024-10-29 10:35:33.599343","2024-10-29 10:54:33.599343","31","2","BTCUSDT","SCALPING"
"55839.621887795955","56832.260202588084","2.332697517063219","0.005301787500919048","2024-10-29 13:35:33.599343","2024-10-29 13:39:33.599343","32","2","BTCUSDT","SCALPING"
"56832.260202588084","57161.546623924376","0.5900891900965699","0.005481741131159573","2024-10-29 14:35:33.599343","2024-10-29 14:38:33.599343","33","2","BTCUSDT","SCALPING"
"57161.546623924376","57172.16648827716","-0.2508773009265586","0.004837874670112926","2024-10-29 16:35:33.599343","2024-10-29 17:05:33.599343","34","2","BTCUSDT","SCALPING"
"57172.16648827716","56736.48422772527","-2.006709143712203","0.007302555783110658","2024-10-29 17:35:33.599343","2024-10-29 17:54:33.599343","35","2","BTCUSDT","SCALPING"
"56736.48422772527","57346.43864486328","1.8549727559407214","0.005611250426953821","2024-10-29 19:35:33.599343","2024-10-29 20:59:33.599343","36","1","BTCUSDT","DAY_TRADING"
"57346.43864486328","57951.3897009137","1.9360029380894916","0.005930736780287129","2024-10-29 22:35:33.599343","2024-10-29 23:31:33.599343","37","2","BTCUSDT","DAY_TRADING"
"57951.3897009137","58369.90245128525","0.3252239276746626","0.0010762181353206706","2024-10-30 00:35:33.599343","2024-11-01 00:35:33.599343","38","1","BTCUSDT","SWING_TRADING"
"58369.90245128525","58572.00104855604","0.1414777372095058","0.0033227625673218873","2024-10-30 02:35:33.599343","2024-10-30 02:38:33.599343","39","1","BTCUSDT","SCALPING"
"58572.00104855604","58381.2693255742","-0.8662746272381778","0.002815459466480862","2024-10-30 04:35:33.599343","2024-11-01 04:35:33.599343","40","2","BTCUSDT","SWING_TRADING"
"58381.2693255742","57330.877654355085","-5.713190852572825","0.004899384397348436","2024-10-30 06:35:33.599343","2024-11-04 06:35:33.599343","41","2","BTCUSDT","SWING_TRADING"
"57330.877654355085","57946.30073601963","0.6859742647493599","0.00274309660544525","2024-10-30 08:35:33.599343","2024-10-30 08:57:33.599343","42","1","BTCUSDT","SCALPING"
"57946.30073601963","57853.071968151686","-0.36285303999996754","0.0026038578275166635","2024-10-30 09:35:33.599343","2024-10-30 10:31:33.599343","43","1","BTCUSDT","DAY_TRADING"
"57853.071968151686","58169.27624312065","0.9166657813263137","0.006868745317122567","2024-10-30 12:35:33.599343","2024-10-30 14:20:33.599343","44","2","BTCUSDT","DAY_TRADING"
"58169.27624312065","58495.21269539969","1.000854853025078","0.0095651117048729","2024-10-30 13:35:33.599343","2024-10-30 13:46:33.599343","45","2","BTCUSDT","SCALPING"
"58495.21269539969","58351.069383991606","-0.6239203839266882","0.0035858923085181783","2024-10-30 14:35:33.599343","2024-10-30 15:25:33.599343","46","2","BTCUSDT","DAY_TRADING"
"58351.069383991606","57916.73741220116","-2.475426357176969","0.0044958724166785265","2024-10-30 15:35:33.599343","2024-11-04 15:35:33.599343","47","2","BTCUSDT","SWING_TRADING"
"57916.73741220116","57861.78138547891","-0.6192638896192133","0.003627056772449919","2024-10-30 18:35:33.599343","2024-10-31 18:35:33.599343","48","2","BTCUSDT","SWING_TRADING"
"57861.78138547891","57413.40879445968","-1.272455471970497","0.003386304837207016","2024-10-30 19:35:33.599343","2024-10-30 20:09:33.599343","49","1","BTCUSDT","DAY_TRADING"
"57413.40879445968","58242.9697501052","3.4193633241319814","0.004789664380661979","2024-10-30 20:35:33.599343","2024-11-01 20:35:33.599343","50","1","BTCUSDT","SWING_TRADING"
"58242.9697501052","58161.04740635446","-0.891125121292121","0.00673983869730584","2024-10-30 21:35:33.599343","2024-10-30 22:26:33.599343","51","2","BTCUSDT","DAY_TRADING"
"58161.04740635446","58739.90285561104","0.6105508548709346","0.0013216688141358488","2024-10-30 22:35:33.599343","2024-11-03 22:35:33.599343","52","2","BTCUSDT","SWING_TRADING"
"58739.90285561104","58498.547867937385","-1.2512953469523544","0.005234181162984588","2024-10-31 00:35:33.599343","2024-10-31 01:54:33.599343","53","2","BTCUSDT","DAY_TRADING"
"58498.547867937385","58090.10604230342","-0.8348221751779006","0.002385067746645786","2024-10-31 03:35:33.599343","2024-10-31 04:15:33.599343","54","2","BTCUSDT","DAY_TRADING"
"58090.10604230342","59243.84167463792","4.929399659582443","0.007134395475343273","2024-10-31 05:35:33.599343","2024-10-31 06:43:33.599343","55","2","BTCUSDT","DAY_TRADING"
"59243.84167463792","58895.50059955881","-2.184311152243187","0.007023803371971315","2024-10-31 07:35:33.599343","2024-10-31 09:16:33.599343","56","1","BTCUSDT","DAY_TRADING"
"58895.50059955881","58543.86054512137","-1.1130215009516817","0.003559167586485716","2024-10-31 08:35:33.599343","2024-10-31 10:24:33.599343","57","2","BTCUSDT","DAY_TRADING"
"58543.86054512137","59347.430501902185","0.828137584266927","0.0018116450729453964","2024-10-31 10:35:33.599343","2024-10-31 11:16:33.599343","58","1","BTCUSDT","DAY_TRADING"
"59347.430501902185","59949.138367858","1.3813204609946212","0.004295050103526725","2024-10-31 11:35:33.599343","2024-10-31 13:11:33.599343","59","2","BTCUSDT","DAY_TRADING"
"59949.138367858","59251.441648426444","-2.7550026189151042","0.0033725201696434364","2024-10-31 14:35:33.599343","2024-11-02 14:35:33.599343","60","2","BTCUSDT","SWING_TRADING"
"59251.441648426444","60000","0.8150430176263209","0.0012951439190828028","2024-10-31 15:35:33.599343","2024-11-01 15:35:33.599343","61","2","BTCUSDT","SWING_TRADING"
"60000","60000","-0.5368142646381613","0.00894690441063602","2024-10-31 18:35:33.599343","2024-10-31 19:02:33.599343","62","2","BTCUSDT","SCALPING"
"60000","60000","-0.34241044443956636","0.004280130555494579","2024-10-31 19:35:33.599343","2024-10-31 20:42:33.599343","63","1","BTCUSDT","DAY_TRADING"
"60000","60000","-0.5527029828989933","0.009211716381649889","2024-10-31 21:35:33.599343","2024-10-31 21:50:33.599343","64","1","BTCUSDT","SCALPING"
"60000","59220.027151440925","-4.343594027760788","0.007245821466827026","2024-11-01 00:35:33.599343","2024-11-01 02:18:33.599343","65","1","BTCUSDT","DAY_TRADING"
"59220.027151440925","58876.85378039944","-1.6224205839512331","0.003517288567841693","2024-11-01 02:35:33.599343","2024-11-03 02:35:33.599343","66","2","BTCUSDT","SWING_TRADING"
"58876.85378039944","58688.20858009248","-0.999517987109503","0.006528311483766311","2024-11-01 03:35:33.599343","2024-11-01 03:52:33.599343","67","1","BTCUSDT","SCALPING"
"58688.20858009248","58289.502841177695","-2.191880334362103","0.008500875228529077","2024-11-01 06:35:33.599343","2024-11-01 06:50:33.599343","68","2","BTCUSDT","SCALPING"
"58289.502841177695","58846.06845893428","0.4808771272706452","0.0016414801325548847","2024-11-01 07:35:33.599343","2024-11-01 08:39:33.599343","69","1","BTCUSDT","DAY_TRADING"
"58846.06845893428","58574.7092683639","-1.6582502214253882","0.008530533240620631","2024-11-01 09:35:33.599343","2024-11-01 09:38:33.599343","70","1","BTCUSDT","SCALPING"
"58574.7092683639","59028.9802343153","1.5334242593097094","0.009109434546088237","2024-11-01 10:35:33.599343","2024-11-01 10:50:33.599343","71","2","BTCUSDT","SCALPING"
"59028.9802343153","58812.764854455665","-0.43607834111731114","0.002610801019045253","2024-11-01 11:35:33.599343","2024-11-01 11:51:33.599343","72","2","BTCUSDT","SCALPING"
"58812.764854455665","58304.5213405159","-1.4006141392325706","0.0033595345413339104","2024-11-01 13:35:33.599343","2024-11-01 15:03:33.599343","73","2","BTCUSDT","DAY_TRADING"
"58304.5213405159","58879.60864138021","1.678600761741252","0.007331684375569887","2024-11-01 15:35:33.599343","2024-11-01 15:41:33.599343","74","1","BTCUSDT","SCALPING"
"58879.60864138021","58305.329135772154","-3.4391678528299026","0.009947490100843743","2024-11-01 18:35:33.599343","2024-11-01 18:52:33.599343","75","2","BTCUSDT","SCALPING"
"58305.329135772154","57995.54490973666","-0.93200423174292","0.0032810496010036512","2024-11-01 19:35:33.599343","2024-11-01 20:53:33.599343","76","2","BTCUSDT","DAY_TRADING"
"57995.54490973666","57994.22913556246","-0.5088131434491502","0.008675005593036212","2024-11-01 20:35:33.599343","2024-11-01 20:41:33.599343","77","1","BTCUSDT","SCALPING"
"57994.22913556246","57363.821572550434","-3.276724964212116","0.0043937731962012325","2024-11-01 22:35:33.599343","2024-11-06 22:35:33.599343","78","1","BTCUSDT","SWING_TRADING"
"57363.821572550434","57930.69386571721","1.523166591020071","0.0067459767337613346","2024-11-02 01:35:33.599343","2024-11-02 01:52:33.599343","79","1","BTCUSDT","SCALPING"
"57930.69386571721","56775.00116728611","-1.9577876210115848","0.001541081625326304","2024-11-02 03:35:33.599343","2024-11-03 03:35:33.599343","80","1","BTCUSDT","SWING_TRADING"
"56775.00116728611","56124.03253770458","-1.2540422468397487","0.0032834018433095355","2024-11-02 04:35:33.599343","2024-11-02 05:04:33.599343","81","1","BTCUSDT","SCALPING"
"56124.03253770458","55953.79897153516","-0.6278145906264758","0.0044476744176023455","2024-11-02 07:35:33.599343","2024-11-02 07:52:33.599343","82","1","BTCUSDT","SCALPING"
"55953.79897153516","56112.52459252959","0.15556176037425956","0.0066679855437778825","2024-11-02 09:35:33.599343","2024-11-02 09:58:33.599343","83","1","BTCUSDT","SCALPING"
"56112.52459252959","56859.49513055005","0.8546428393033735","0.0013480202471112036","2024-11-02 12:35:33.599343","2024-11-03 12:35:33.599343","84","1","BTCUSDT","SWING_TRADING"
"56859.49513055005","57368.506292298836","0.7232085272523355","0.0027478699698915013","2024-11-02 14:35:33.599343","2024-11-02 15:29:33.599343","85","1","BTCUSDT","DAY_TRADING"
"57368.506292298836","56190.92665566869","-4.604709306920633","0.0035663929745579255","2024-11-02 16:35:33.599343","2024-11-06 16:35:33.599343","86","1","BTCUSDT","SWING_TRADING"
"56190.92665566869","55212.62835952695","-1.199013963710653","0.0022006275614520733","2024-11-02 18:35:33.599343","2024-11-02 19:00:33.599343","87","1","BTCUSDT","SCALPING"
"55212.62835952695","54383.71445172921","-3.434819849051908","0.005489795950800333","2024-11-02 21:35:33.599343","2024-11-02 22:28:33.599343","88","2","BTCUSDT","DAY_TRADING"
"54383.71445172921","53420.93624016407","-2.3902303486113428","0.004465287896673753","2024-11-02 23:35:33.599343","2024-11-02 23:50:33.599343","89","1","BTCUSDT","SCALPING"
"53420.93624016407","53252.59374606167","-0.872013998440308","0.004756162852674177","2024-11-03 01:35:33.599343","2024-11-03 02:51:33.599343","90","1","BTCUSDT","DAY_TRADING"
"53252.59374606167","53092.18867371528","-0.9293617075102113","0.006968039089092644","2024-11-03 02:35:33.599343","2024-11-03 03:04:33.599343","91","1","BTCUSDT","SCALPING"
"53092.18867371528","52792.26379493633","-1.9421261243917691","0.00478580943030798","2024-11-03 05:35:33.599343","2024-11-07 05:35:33.599343","92","2","BTCUSDT","SWING_TRADING"
"52792.26379493633","52819.178544440285","-0.11813086537578375","0.0030021811875331314","2024-11-03 08:35:33.599343","2024-11-03 08:38:33.599343","93","1","BTCUSDT","SCALPING"
"52819.178544440285","53668.22722203644","3.213863434946453","0.00432807844533484","2024-11-03 09:35:33.599343","2024-11-07 09:35:33.599343","94","2","BTCUSDT","SWING_TRADING"
"53668.22722203644","53448.055991386995","-0.5310159126517862","0.0024337129747987237","2024-11-03 11:35:33.599343","2024-11-03 13:00:33.599343","95","1","BTCUSDT","DAY_TRADING"
"53448.055991386995","53049.88773920096","-1.7622363370337975","0.006983770069374495","2024-11-03 13:35:33.599343","2024-11-03 14:03:33.599343","96","2","BTCUSDT","SCALPING"
"53049.88773920096","52868.1601747824","-0.47142135032966226","0.0016388963714998798","2024-11-03 14:35:33.599343","2024-11-08 14:35:33.599343","97","2","BTCUSDT","SWING_TRADING"
"52868.1601747824","54127.686101276886","4.532657067326825","0.005899182778554218","2024-11-03 16:35:33.599343","2024-11-03 18:10:33.599343","98","2","BTCUSDT","DAY_TRADING"
"54127.686101276886","53975.00335723047","-0.662897569037101","0.003812890697888115","2024-11-03 17:35:33.599343","2024-11-03 18:21:33.599343","99","2","BTCUSDT","DAY_TRADING"
"53975.00335723047","54183.81350619817","0.251304008637421","0.0037451666567673504","2024-11-03 20:35:33.599343","2024-11-03 21:52:33.599343","100","1","BTCUSDT","DAY_TRADING"
"3914.781530589625","3995.2563267992377","3.0923520221838574","0.0426150667680008","2024-11-03 23:35:33.599343","2024-11-04 23:35:33.599343","101","2","ETHUSDT","SWING_TRADING"
"3995.2563267992377","4000","-0.12078404593868358","0.07429245463325727","2024-11-04 01:35:33.599343","2024-11-04 01:55:33.599343","102","2","ETHUSDT","SCALPING"
"4000","4000","-0.2753380170202662","0.03441725212753327","2024-11-04 03:35:33.599343","2024-11-09 03:35:33.599343","103","1","ETHUSDT","SWING_TRADING"
"4000","3998.6763674596236","-0.2611351247688063","0.028011850642420323","2024-11-04 05:35:33.599343","2024-11-08 05:35:33.599343","104","2","ETHUSDT","SWING_TRADING"
"3998.6763674596236","3982.835304550099","-1.0745112821828404","0.0451047504754472","2024-11-04 07:35:33.599343","2024-11-08 07:35:33.599343","105","2","ETHUSDT","SWING_TRADING"
"3982.835304550099","4000","0.11937567453249673","0.013001251668262475","2024-11-04 10:35:33.599343","2024-11-05 10:35:33.599343","106","2","ETHUSDT","SWING_TRADING"
"4000","3873.04135705129","-1.778374157749646","0.013189586460381096","2024-11-04 13:35:33.599343","2024-11-09 13:35:33.599343","107","1","ETHUSDT","SWING_TRADING"
"3873.04135705129","3871.4718270961753","-0.3923989129886303","0.06319472227928336","2024-11-04 16:35:33.599343","2024-11-04 17:09:33.599343","108","1","ETHUSDT","DAY_TRADING"
"3871.4718270961753","3988.819557570333","1.8801912475024376","0.02575899934008368","2024-11-04 18:35:33.599343","2024-11-04 19:34:33.599343","109","2","ETHUSDT","DAY_TRADING"
"3988.819557570333","3872.8828284469546","-3.21003911811131","0.03889434315491731","2024-11-04 19:35:33.599343","2024-11-04 20:08:33.599343","110","1","ETHUSDT","DAY_TRADING"
"3872.8828284469546","4000","4.721088569007504","0.059387606142435004","2024-11-04 21:35:33.599343","2024-11-04 22:06:33.599343","111","2","ETHUSDT","DAY_TRADING"
"4000","3876.9513538491774","-3.1488075826532076","0.048100717394714956","2024-11-05 00:35:33.599343","2024-11-05 00:48:33.599343","112","1","ETHUSDT","SCALPING"
"3876.9513538491774","4000","1.3201565200795191","0.022925016817833807","2024-11-05 02:35:33.599343","2024-11-05 02:49:33.599343","113","2","ETHUSDT","SCALPING"
"4000","3824.4883848776494","-4.1178830554695365","0.022460840918369276","2024-11-05 03:35:33.599343","2024-11-09 03:35:33.599343","114","1","ETHUSDT","SWING_TRADING"
"3824.4883848776494","3873.7737579263962","0.7394746611276635","0.017781342464498855","2024-11-05 06:35:33.599343","2024-11-06 06:35:33.599343","115","2","ETHUSDT","SWING_TRADING"
"3873.7737579263962","3836.159293977776","-2.0169979297866796","0.06675206058770115","2024-11-05 07:35:33.599343","2024-11-05 08:53:33.599343","116","1","ETHUSDT","DAY_TRADING"
"3836.159293977776","3963.3660629775436","2.101345412289845","0.017598140181308314","2024-11-05 08:35:33.599343","2024-11-06 08:35:33.599343","117","1","ETHUSDT","SWING_TRADING"
"3963.3660629775436","3960.843732759666","-0.36857386748733345","0.03528190836458609","2024-11-05 10:35:33.599343","2024-11-09 10:35:33.599343","118","1","ETHUSDT","SWING_TRADING"
"3960.843732759666","4000","0.5105100811961747","0.032729806093013895","2024-11-05 12:35:33.599343","2024-11-05 12:57:33.599343","119","1","ETHUSDT","SCALPING"
"4000","3850.4879262781283","-3.2401142876165503","0.030885182476196472","2024-11-05 15:35:33.599343","2024-11-05 16:52:33.599343","120","2","ETHUSDT","DAY_TRADING"
"3850.4879262781283","3950.202932884955","3.304124920481559","0.03594788138936399","2024-11-05 16:35:33.599343","2024-11-10 16:35:33.599343","121","1","ETHUSDT","SWING_TRADING"
"3950.202932884955","4000","0.4724293107677263","0.011289479391125528","2024-11-05 17:35:33.599343","2024-11-06 17:35:33.599343","122","2","ETHUSDT","SWING_TRADING"
"4000","4000","-0.3605544507297173","0.09013861268242933","2024-11-05 18:35:33.599343","2024-11-05 18:59:33.599343","123","1","ETHUSDT","SCALPING"
"4000","3888.4004575705167","-4.923270012336106","0.041203069476138145","2024-11-05 21:35:33.599343","2024-11-08 21:35:33.599343","124","2","ETHUSDT","SWING_TRADING"
"3888.4004575705167","3688.958419694618","-3.530424668027198","0.03410718728193998","2024-11-05 23:35:33.599343","2024-11-05 23:37:33.599343","125","2","ETHUSDT","SCALPING"
"3688.958419694618","3728.4911242361645","1.445391290534622","0.09001275503756258","2024-11-06 02:35:33.599343","2024-11-06 02:42:33.599343","126","2","ETHUSDT","SCALPING"
"3728.4911242361645","3776.6290824444013","1.8930767117770233","0.04658982253970345","2024-11-06 04:35:33.599343","2024-11-10 04:35:33.599343","127","1","ETHUSDT","SWING_TRADING"
"3776.6290824444013","3807.3725119448836","0.2566857181369896","0.016625133348142293","2024-11-06 05:35:33.599343","2024-11-06 06:42:33.599343","128","2","ETHUSDT","DAY_TRADING"
"3807.3725119448836","3639.3839122915333","-7.932117237130049","0.06782085505291803","2024-11-06 07:35:33.599343","2024-11-06 08:54:33.599343","129","1","ETHUSDT","DAY_TRADING"
"3639.3839122915333","3692.6562151450776","0.8444452979877844","0.01838137720331081","2024-11-06 09:35:33.599343","2024-11-07 09:35:33.599343","130","2","ETHUSDT","SWING_TRADING"
"3692.6562151450776","3559.4849605432664","-1.7850505283661342","0.012711916831825817","2024-11-06 10:35:33.599343","2024-11-10 10:35:33.599343","131","1","ETHUSDT","SWING_TRADING"
"3559.4849605432664","3680.661580479884","3.658954374922115","0.06422797311301717","2024-11-06 11:35:33.599343","2024-11-06 11:48:33.599343","132","2","ETHUSDT","SCALPING"
"3680.661580479884","3486.0605191346867","-5.907803112389153","0.05856042041523518","2024-11-06 14:35:33.599343","2024-11-06 14:37:33.599343","133","2","ETHUSDT","SCALPING"
"3486.0605191346867","3531.538965270532","1.5412890571715232","0.08014847260850975","2024-11-06 16:35:33.599343","2024-11-06 16:37:33.599343","134","2","ETHUSDT","SCALPING"
"3531.538965270532","3395.7767460286514","-2.6692575837259174","0.018706750881217524","2024-11-06 18:35:33.599343","2024-11-09 18:35:33.599343","135","1","ETHUSDT","SWING_TRADING"
"3395.7767460286514","3498.3411077573533","4.756602252330539","0.04971872193144569","2024-11-06 21:35:33.599343","2024-11-08 21:35:33.599343","136","1","ETHUSDT","SWING_TRADING"
"3498.3411077573533","3518.06598556682","0.5757667682606983","0.09061149545387019","2024-11-06 22:35:33.599343","2024-11-06 23:01:33.599343","137","2","ETHUSDT","SCALPING"
"3518.06598556682","3481.6866538566037","-1.8610443727319474","0.04290188233877286","2024-11-07 01:35:33.599343","2024-11-12 01:35:33.599343","138","1","ETHUSDT","SWING_TRADING"
"3481.6866538566037","3445.756347429257","-0.5321771796442275","0.012417291778944604","2024-11-07 02:35:33.599343","2024-11-08 02:35:33.599343","139","1","ETHUSDT","SWING_TRADING"
"3445.756347429257","3273.0634047923145","-8.245640348068958","0.0459593074515552","2024-11-07 05:35:33.599343","2024-11-08 05:35:33.599343","140","1","ETHUSDT","SWING_TRADING"
"3273.0634047923145","3389.16403841015","5.439602013010178","0.04970468963455195","2024-11-07 07:35:33.599343","2024-11-11 07:35:33.599343","141","2","ETHUSDT","SWING_TRADING"
"3389.16403841015","3416.742969431713","0.5275412922617128","0.025395498118774788","2024-11-07 10:35:33.599343","2024-11-08 10:35:33.599343","142","2","ETHUSDT","SWING_TRADING"
"3416.742969431713","3476.5406030231657","0.7772605033180175","0.029383614127719362","2024-11-07 12:35:33.599343","2024-11-07 12:53:33.599343","143","1","ETHUSDT","SCALPING"
"3476.5406030231657","3630.4040004916355","5.123967319011615","0.05237215010633989","2024-11-07 14:35:33.599343","2024-11-07 15:51:33.599343","144","1","ETHUSDT","DAY_TRADING"
"3630.4040004916355","3566.777377024103","-1.0264209319237125","0.028985195985145484","2024-11-07 16:35:33.599343","2024-11-07 16:49:33.599343","145","1","ETHUSDT","SCALPING"
"3566.777377024103","3783.245147654725","2.8188621377646452","0.020219676449962684","2024-11-07 18:35:33.599343","2024-11-07 19:54:33.599343","146","2","ETHUSDT","DAY_TRADING"
"3783.245147654725","3603.999127666257","-3.1012360813735707","0.02492510721714322","2024-11-07 20:35:33.599343","2024-11-07 21:06:33.599343","147","2","ETHUSDT","DAY_TRADING"
"3603.999127666257","3573.996126086103","-1.5079983489917053","0.06083746311569449","2024-11-07 23:35:33.599343","2024-11-08 00:44:33.599343","148","2","ETHUSDT","DAY_TRADING"
"3573.996126086103","3388.6627638590285","-9.543873893504234","0.04963115637060646","2024-11-08 00:35:33.599343","2024-11-10 00:35:33.599343","149","1","ETHUSDT","SWING_TRADING"
"3388.6627638590285","3531.7915392601094","6.216018352321142","0.06845416971093726","2024-11-08 03:35:33.599343","2024-11-08 05:28:33.599343","150","1","ETHUSDT","DAY_TRADING"
"3531.7915392601094","3398.71376425238","-3.020547616050318","0.02157406411489065","2024-11-08 04:35:33.599343","2024-11-13 04:35:33.599343","151","2","ETHUSDT","SWING_TRADING"
"3398.71376425238","3444.1959970152366","0.5983399810857616","0.015485260470561403","2024-11-08 05:35:33.599343","2024-11-10 05:35:33.599343","152","2","ETHUSDT","SWING_TRADING"
"3444.1959970152366","3456.4607718271322","0.09074463700033814","0.02537545863234361","2024-11-08 06:35:33.599343","2024-11-08 08:33:33.599343","153","1","ETHUSDT","DAY_TRADING"
"3456.4607718271322","3471.0461725421155","0.254446783414039","0.04984009788509447","2024-11-08 09:35:33.599343","2024-11-08 11:05:33.599343","154","2","ETHUSDT","DAY_TRADING"
"3471.0461725421155","3607.989334454069","1.4611575044598804","0.011251432900749885","2024-11-08 11:35:33.599343","2024-11-11 11:35:33.599343","155","1","ETHUSDT","SWING_TRADING"
"3607.989334454069","3415.5656799542717","-5.9137817380948725","0.029650862263247944","2024-11-08 13:35:33.599343","2024-11-09 13:35:33.599343","156","1","ETHUSDT","SWING_TRADING"
"3415.5656799542717","3533.9057543567696","1.5074047975166922","0.027065205813585652","2024-11-08 15:35:33.599343","2024-11-08 15:55:33.599343","157","2","ETHUSDT","SCALPING"
"3533.9057543567696","3384.741198567151","-4.904085999994294","0.06283938199401928","2024-11-08 18:35:33.599343","2024-11-08 19:01:33.599343","158","1","ETHUSDT","SCALPING"
"3384.741198567151","3407.7061459154697","0.45366476077959683","0.028051616056391365","2024-11-08 20:35:33.599343","2024-11-10 20:35:33.599343","159","2","ETHUSDT","SWING_TRADING"
"3407.7061459154697","3478.8969634225386","2.7681607221284836","0.06457183439813931","2024-11-08 22:35:33.599343","2024-11-08 23:12:33.599343","160","2","ETHUSDT","DAY_TRADING"
"3478.8969634225386","3588.627156238889","4.470238069346088","0.06531446327223137","2024-11-09 00:35:33.599343","2024-11-09 02:33:33.599343","161","1","ETHUSDT","DAY_TRADING"
"3588.627156238889","3686.2066506000356","0.9891755806974492","0.01643064003494992","2024-11-09 01:35:33.599343","2024-11-09 02:11:33.599343","162","1","ETHUSDT","DAY_TRADING"
"3686.2066506000356","3807.510728297049","2.5976638811761905","0.04564898791138783","2024-11-09 03:35:33.599343","2024-11-09 03:42:33.599343","163","1","ETHUSDT","SCALPING"
"3807.510728297049","3753.228425321815","-2.374840820023637","0.057601649391912514","2024-11-09 06:35:33.599343","2024-11-09 07:05:33.599343","164","1","ETHUSDT","DAY_TRADING"
"3753.228425321815","3890.8124896816807","4.282933709142115","0.032960850672460434","2024-11-09 09:35:33.599343","2024-11-10 09:35:33.599343","165","2","ETHUSDT","SWING_TRADING"
"3890.8124896816807","4000","2.5063971843439554","0.03711469235528286","2024-11-09 12:35:33.599343","2024-11-09 13:40:33.599343","166","2","ETHUSDT","DAY_TRADING"
"4000","4000","-0.3318085253652536","0.0414760656706567","2024-11-09 13:35:33.599343","2024-11-12 13:35:33.599343","167","2","ETHUSDT","SWING_TRADING"
"4000","3999.675106165174","-0.21602099070144976","0.0389247165047312","2024-11-09 14:35:33.599343","2024-11-09 15:39:33.599343","168","2","ETHUSDT","DAY_TRADING"
"3999.675106165174","4000","-0.08699987352518183","0.022671622929522784","2024-11-09 17:35:33.599343","2024-11-09 17:57:33.599343","169","1","ETHUSDT","SCALPING"
"4000","4000","-0.23147259830689526","0.028934074788361908","2024-11-09 19:35:33.599343","2024-11-11 19:35:33.599343","170","2","ETHUSDT","SWING_TRADING"
"4000","4000","-0.13054625556808103","0.03263656389202026","2024-11-09 21:35:33.599343","2024-11-09 21:41:33.599343","171","1","ETHUSDT","SCALPING"
"4000","4000","-0.31446938152317516","0.039308672690396895","2024-11-09 22:35:33.599343","2024-11-14 22:35:33.599343","172","2","ETHUSDT","SWING_TRADING"
"4000","3862.533795755011","-6.164671690807482","0.0636282105031336","2024-11-10 00:35:33.599343","2024-11-10 02:02:33.599343","173","1","ETHUSDT","DAY_TRADING"
"3862.533795755011","3964.33626265346","2.09607992304378","0.03345676952621432","2024-11-10 01:35:33.599343","2024-11-10 02:45:33.599343","174","1","ETHUSDT","DAY_TRADING"
"3964.33626265346","3761.138933463061","-5.471535697277616","0.05188187890059577","2024-11-10 03:35:33.599343","2024-11-10 03:38:33.599343","175","2","ETHUSDT","SCALPING"
"3761.138933463061","3845.7111368966616","3.5239307608193253","0.09157187245507756","2024-11-10 04:35:33.599343","2024-11-10 05:04:33.599343","176","2","ETHUSDT","SCALPING"
"3845.7111368966616","3743.3427222963965","-2.0977459383985875","0.038155588115818345","2024-11-10 06:35:33.599343","2024-11-10 06:56:33.599343","177","2","ETHUSDT","SCALPING"
"3743.3427222963965","3652.182965304124","-4.247187019867747","0.04309446337507297","2024-11-10 08:35:33.599343","2024-11-13 08:35:33.599343","178","2","ETHUSDT","SWING_TRADING"
"3652.182965304124","3526.7796118116935","-4.073138292480198","0.030721580473399047","2024-11-10 09:35:33.599343","2024-11-12 09:35:33.599343","179","2","ETHUSDT","SWING_TRADING"
"3526.7796118116935","3710.9682684340914","7.236073079828062","0.040893110587932956","2024-11-10 12:35:33.599343","2024-11-14 12:35:33.599343","180","2","ETHUSDT","SWING_TRADING"
"3710.9682684340914","3787.9356943704342","1.1806445792443734","0.016995389360581196","2024-11-10 13:35:33.599343","2024-11-12 13:35:33.599343","181","2","ETHUSDT","SWING_TRADING"
"3787.9356943704342","3913.3896673918252","2.0984171137631757","0.026730827146606243","2024-11-10 15:35:33.599343","2024-11-10 16:44:33.599343","182","1","ETHUSDT","DAY_TRADING"
"3913.3896673918252","4000","0.821725648502748","0.020883292737840443","2024-11-10 18:35:33.599343","2024-11-10 18:49:33.599343","183","2","ETHUSDT","SCALPING"
"4000","4000","-0.14822338903010868","0.018527923628763585","2024-11-10 20:35:33.599343","2024-11-14 20:35:33.599343","184","1","ETHUSDT","SWING_TRADING"
"4000","4000","-0.3774667159485922","0.04718333949357403","2024-11-10 21:35:33.599343","2024-11-15 21:35:33.599343","185","2","ETHUSDT","SWING_TRADING"
"4000","4000","-0.13877433512609558","0.034693583781523894","2024-11-10 23:35:33.599343","2024-11-10 23:55:33.599343","186","2","ETHUSDT","SCALPING"
"4000","4000","-0.36536584344756556","0.09134146086189139","2024-11-11 02:35:33.599343","2024-11-11 03:03:33.599343","187","2","ETHUSDT","SCALPING"
"4000","3937.1350214749687","-2.467941435355213","0.05228533397666471","2024-11-11 03:35:33.599343","2024-11-11 05:05:33.599343","188","2","ETHUSDT","DAY_TRADING"
"3937.1350214749687","3912.7544909605494","-0.43249961929998315","0.020128481987185705","2024-11-11 06:35:33.599343","2024-11-11 07:37:33.599343","189","1","ETHUSDT","DAY_TRADING"
"3912.7544909605494","3765.2981732034086","-6.798462740350412","0.06573458920051901","2024-11-11 08:35:33.599343","2024-11-11 09:36:33.599343","190","1","ETHUSDT","DAY_TRADING"
"3765.2981732034086","3624.2551375411995","-3.400522829769705","0.022909543337476395","2024-11-11 10:35:33.599343","2024-11-12 10:35:33.599343","191","1","ETHUSDT","SWING_TRADING"
"3624.2551375411995","3522.6073753880287","-3.470325237339269","0.04784692140797388","2024-11-11 13:35:33.599343","2024-11-11 15:09:33.599343","192","1","ETHUSDT","DAY_TRADING"
"3522.6073753880287","3306.5392684986064","-5.783629482501292","0.051895026886340775","2024-11-11 15:35:33.599343","2024-11-11 15:54:33.599343","193","2","ETHUSDT","SCALPING"
"3306.5392684986064","3344.5101664550093","1.3628567206362585","0.08702830856304486","2024-11-11 16:35:33.599343","2024-11-11 17:01:33.599343","194","2","ETHUSDT","SCALPING"
"3344.5101664550093","3444.718242282845","4.380059426450615","0.09377249982116966","2024-11-11 17:35:33.599343","2024-11-11 17:45:33.599343","195","1","ETHUSDT","SCALPING"
"3444.718242282845","3289.550668639036","-3.1573237036557784","0.019501468629601556","2024-11-11 20:35:33.599343","2024-11-14 20:35:33.599343","196","2","ETHUSDT","SWING_TRADING"
"3289.550668639036","3358.302907492359","0.9946751615742105","0.032032364772138375","2024-11-11 21:35:33.599343","2024-11-11 21:43:33.599343","197","1","ETHUSDT","SCALPING"
"3358.302907492359","3208.569134482714","-3.063035170396055","0.029395609685914533","2024-11-11 23:35:33.599343","2024-11-12 00:38:33.599343","198","2","ETHUSDT","DAY_TRADING"
"3208.569134482714","3309.750266464733","1.0096661137352703","0.02133184269948809","2024-11-12 01:35:33.599343","2024-11-12 01:42:33.599343","199","1","ETHUSDT","SCALPING"
"3309.750266464733","3457.7107317026785","2.8568226394084384","0.04046691484171415","2024-11-12 04:35:33.599343","2024-11-12 04:44:33.599343","200","2","ETHUSDT","SCALPING"
"1.6511981140296905","1.554333199998714","-9.375138281384176","93.68538582058125","2024-11-12 05:35:33.599343","2024-11-15 05:35:33.599343","201","1","XRPUSDT","SWING_TRADING"
"1.554333199998714","1.4999687365695022","-5.509668186522177","191.91176095213606","2024-11-12 06:35:33.599343","2024-11-12 06:58:33.599343","202","2","XRPUSDT","SCALPING"
"1.4999687365695022","1.5427051207626354","3.231364450729936","81.40746791854988","2024-11-12 08:35:33.599343","2024-11-16 08:35:33.599343","203","2","XRPUSDT","SWING_TRADING"
"1.5427051207626354","1.5794701828812714","1.4423827677037637","64.31000298676828","2024-11-12 10:35:33.599343","2024-11-12 11:43:33.599343","204","2","XRPUSDT","DAY_TRADING"
"1.5794701828812714","1.5166288776080719","-2.902752337076541","66.03427219518544","2024-11-12 11:35:33.599343","2024-11-12 13:15:33.599343","205","1","XRPUSDT","DAY_TRADING"
"1.5166288776080719","1.5310648006942926","0.7041658637250252","61.832778257470665","2024-11-12 12:35:33.599343","2024-11-13 12:35:33.599343","206","2","XRPUSDT","SWING_TRADING"
"1.5310648006942926","1.5783063454394348","2.865614110658931","64.9325396182914","2024-11-12 13:35:33.599343","2024-11-14 13:35:33.599343","207","2","XRPUSDT","SWING_TRADING"
"1.5783063454394348","1.497499446009988","-3.709497438646808","66.33365177383533","2024-11-12 15:35:33.599343","2024-11-12 17:22:33.599343","208","2","XRPUSDT","DAY_TRADING"
"1.497499446009988","1.564919965550117","2.523609701392993","39.2119981222496","2024-11-12 17:35:33.599343","2024-11-16 17:35:33.599343","209","1","XRPUSDT","SWING_TRADING"
"1.564919965550117","1.493211468499855","-7.043427919958791","94.20550401622958","2024-11-12 20:35:33.599343","2024-11-16 20:35:33.599343","210","1","XRPUSDT","SWING_TRADING"
"1.493211468499855","1.468874468181047","-0.6400203463515579","35.16713015749055","2024-11-12 22:35:33.599343","2024-11-13 00:24:33.599343","211","2","XRPUSDT","DAY_TRADING"
"1.468874468181047","1.5714024124730406","3.129325271222951","47.181605810766186","2024-11-12 23:35:33.599343","2024-11-13 00:36:33.599343","212","2","XRPUSDT","DAY_TRADING"
"1.5714024124730406","1.5697687642765892","-0.16712611176138198","35.00155685456663","2024-11-13 01:35:33.599343","2024-11-16 01:35:33.599343","213","2","XRPUSDT","SWING_TRADING"
"1.5697687642765892","1.4999040048139909","-6.4487185897172665","132.62704032366622","2024-11-13 02:35:33.599343","2024-11-13 04:06:33.599343","214","2","XRPUSDT","DAY_TRADING"
"1.4999040048139909","1.495229425331584","-0.6946775319635863","181.1482489329337","2024-11-13 04:35:33.599343","2024-11-13 05:01:33.599343","215","1","XRPUSDT","SCALPING"
"1.495229425331584","1.4695795715938522","-2.588498866355918","90.46057576701045","2024-11-13 07:35:33.599343","2024-11-16 07:35:33.599343","216","2","XRPUSDT","SWING_TRADING"
"1.4695795715938522","1.5524753212234872","4.0526349964346355","50.73804347962109","2024-11-13 08:35:33.599343","2024-11-14 08:35:33.599343","217","1","XRPUSDT","SWING_TRADING"
"1.5524753212234872","1.5056080331994324","-4.748651443087402","95.1149948808291","2024-11-13 10:35:33.599343","2024-11-16 10:35:33.599343","218","2","XRPUSDT","SWING_TRADING"
"1.5056080331994324","1.5045854460022492","-0.3765344899533058","186.73690446803366","2024-11-13 12:35:33.599343","2024-11-13 12:43:33.599343","219","1","XRPUSDT","SCALPING"
"1.5045854460022492","1.4048544850782292","-4.307078346832566","83.92559481354627","2024-11-13 15:35:33.599343","2024-11-13 15:46:33.599343","220","1","XRPUSDT","SCALPING"
"1.4048544850782292","1.4581750612689133","4.521839121815199","134.42505896160242","2024-11-13 17:35:33.599343","2024-11-13 19:01:33.599343","221","1","XRPUSDT","DAY_TRADING"
"1.4581750612689133","1.4943564463757846","0.5834769901588924","26.33902137564894","2024-11-13 20:35:33.599343","2024-11-13 21:12:33.599343","222","2","XRPUSDT","DAY_TRADING"
"1.4943564463757846","1.5687357033953029","1.8831578125709607","39.608645866131155","2024-11-13 22:35:33.599343","2024-11-14 00:30:33.599343","223","1","XRPUSDT","DAY_TRADING"
"1.5687357033953029","1.5682360043200034","-0.2756645535755827","151.60269929468834","2024-11-13 23:35:33.599343","2024-11-13 23:55:33.599343","224","1","XRPUSDT","SCALPING"
"1.5682360043200034","1.5114012497178788","-4.34363464830866","108.74602529730664","2024-11-14 02:35:33.599343","2024-11-14 03:06:33.599343","225","1","XRPUSDT","DAY_TRADING"
"1.5114012497178788","1.4649417827451827","-2.4403392398682477","74.0456939902544","2024-11-14 04:35:33.599343","2024-11-14 06:03:33.599343","226","1","XRPUSDT","DAY_TRADING"
"1.4649417827451827","1.4049077928144686","-5.742929191407974","182.59391593529685","2024-11-14 06:35:33.599343","2024-11-14 06:50:33.599343","227","1","XRPUSDT","SCALPING"
"1.4049077928144686","1.3683536597924657","-1.1287565827787938","43.05230226378953","2024-11-14 07:35:33.599343","2024-11-14 08:41:33.599343","228","2","XRPUSDT","DAY_TRADING"
"1.3683536597924657","1.3386753759940613","-3.000835363340007","92.66037906454497","2024-11-14 10:35:33.599343","2024-11-19 10:35:33.599343","229","1","XRPUSDT","SWING_TRADING"
"1.3386753759940613","1.370814362510508","1.139181520001427","58.06325174010074","2024-11-14 13:35:33.599343","2024-11-14 14:53:33.599343","230","1","XRPUSDT","DAY_TRADING"
"1.370814362510508","1.2897393467500091","-8.364832573108517","99.89581041936334","2024-11-14 15:35:33.599343","2024-11-17 15:35:33.599343","231","2","XRPUSDT","SWING_TRADING"
"1.2897393467500091","1.1888257641550906","-9.95229292006357","192.5154499813722","2024-11-14 16:35:33.599343","2024-11-14 16:45:33.599343","232","2","XRPUSDT","SCALPING"
"1.1888257641550906","1.273006667602858","6.16045754184817","113.07869996419717","2024-11-14 19:35:33.599343","2024-11-14 21:18:33.599343","233","2","XRPUSDT","DAY_TRADING"
"1.273006667602858","1.3465401787763664","2.252022034525309","31.75710250997436","2024-11-14 20:35:33.599343","2024-11-17 20:35:33.599343","234","1","XRPUSDT","SWING_TRADING"
"1.3465401787763664","1.280903187930986","-5.5808723373759035","81.75373313777033","2024-11-14 21:35:33.599343","2024-11-19 21:35:33.599343","235","1","XRPUSDT","SWING_TRADING"
"1.280903187930986","1.328720910312978","3.9468419064040288","87.30386935614338","2024-11-14 22:35:33.599343","2024-11-15 22:35:33.599343","236","2","XRPUSDT","SWING_TRADING"
"1.328720910312978","1.3075999375810463","-0.7249832869371897","30.516240602121147","2024-11-15 00:35:33.599343","2024-11-16 00:35:33.599343","237","1","XRPUSDT","SWING_TRADING"
"1.3075999375810463","1.239073903369224","-3.9664905318840216","111.61782463498757","2024-11-15 01:35:33.599343","2024-11-15 01:36:33.599343","238","1","XRPUSDT","SCALPING"
"1.239073903369224","1.1429025496838652","-7.938648947912635","161.10361642297238","2024-11-15 02:35:33.599343","2024-11-15 02:57:33.599343","239","2","XRPUSDT","SCALPING"
"1.1429025496838652","1.160433999635742","0.6441438369325351","63.449472029578395","2024-11-15 03:35:33.599343","2024-11-15 04:19:33.599343","240","2","XRPUSDT","DAY_TRADING"
"1.160433999635742","1.2272071130686304","1.4098103126451504","32.84460597650674","2024-11-15 04:35:33.599343","2024-11-15 05:42:33.599343","241","2","XRPUSDT","DAY_TRADING"
"1.2272071130686304","1.185280037373505","-2.7970780440712737","63.08312181185367","2024-11-15 05:35:33.599343","2024-11-20 05:35:33.599343","242","2","XRPUSDT","SWING_TRADING"
"1.185280037373505","1.2378799499289406","1.4418583129590912","43.10337673809942","2024-11-15 06:35:33.599343","2024-11-15 07:56:33.599343","243","2","XRPUSDT","DAY_TRADING"
"1.2378799499289406","1.168362319131657","-5.571844920756268","116.20296606420253","2024-11-15 07:35:33.599343","2024-11-15 08:17:33.599343","244","1","XRPUSDT","DAY_TRADING"
"1.168362319131657","1.2158687633486245","2.6035282049624673","57.69947934961935","2024-11-15 10:35:33.599343","2024-11-19 10:35:33.599343","245","2","XRPUSDT","SWING_TRADING"
"1.2158687633486245","1.2902673959628268","4.218273472685351","58.67473909926216","2024-11-15 12:35:33.599343","2024-11-18 12:35:33.599343","246","2","XRPUSDT","SWING_TRADING"
"1.2902673959628268","1.354535791056761","5.008657155440336","121.9173615278581","2024-11-15 13:35:33.599343","2024-11-15 14:52:33.599343","247","1","XRPUSDT","DAY_TRADING"
"1.354535791056761","1.3333484369714659","-1.7239269429054287","108.30846504745078","2024-11-15 16:35:33.599343","2024-11-15 18:34:33.599343","248","1","XRPUSDT","DAY_TRADING"
"1.3333484369714659","1.3721573739985335","0.6606657606156157","36.59850259999888","2024-11-15 17:35:33.599343","2024-11-15 17:52:33.599343","249","1","XRPUSDT","SCALPING"
"1.3721573739985335","1.4174196809960238","3.16205689478202","148.89821770642789","2024-11-15 19:35:33.599343","2024-11-15 19:38:33.599343","250","2","XRPUSDT","SCALPING"
"1.4174196809960238","1.3896048699015753","-0.636141613786246","20.774117566101125","2024-11-15 20:35:33.599343","2024-11-19 20:35:33.599343","251","1","XRPUSDT","SWING_TRADING"
"1.3896048699015753","1.4840854997968715","2.248796220000656","49.09663463590054","2024-11-15 23:35:33.599343","2024-11-15 23:59:33.599343","252","2","XRPUSDT","SCALPING"
"1.4840854997968715","1.4935662111977273","0.24118912311021778","55.63284083481222","2024-11-16 01:35:33.599343","2024-11-16 03:35:33.599343","253","2","XRPUSDT","DAY_TRADING"
"1.4935662111977273","1.570786062464745","6.775944889386971","182.74962696951542","2024-11-16 04:35:33.599343","2024-11-16 04:40:33.599343","254","1","XRPUSDT","SCALPING"
"1.570786062464745","1.4808242560347398","-8.635428561600328","139.2610151869164","2024-11-16 06:35:33.599343","2024-11-16 07:20:33.599343","255","1","XRPUSDT","DAY_TRADING"
"1.4808242560347398","1.5118395841124594","1.393210575810394","99.43455511574042","2024-11-16 07:35:33.599343","2024-11-16 07:46:33.599343","256","2","XRPUSDT","SCALPING"
"1.5118395841124594","1.558920437292276","2.3852024156086333","81.29507044065659","2024-11-16 08:35:33.599343","2024-11-16 10:05:33.599343","257","1","XRPUSDT","DAY_TRADING"
"1.558920437292276","1.5812035299962581","0.6587351393570364","68.8226730574304","2024-11-16 09:35:33.599343","2024-11-16 09:41:33.599343","258","1","XRPUSDT","SCALPING"
"1.5812035299962581","1.5682795647998593","-1.3163896796903864","122.84759833502932","2024-11-16 10:35:33.599343","2024-11-16 12:28:33.599343","259","1","XRPUSDT","DAY_TRADING"
"1.5682795647998593","1.6087124004041076","2.3539596267541074","63.18363501738414","2024-11-16 11:35:33.599343","2024-11-19 11:35:33.599343","260","2","XRPUSDT","SWING_TRADING"
"1.6087124004041076","1.6644184905214425","4.654862501277002","177.55482696206255","2024-11-16 13:35:33.599343","2024-11-16 13:52:33.599343","261","1","XRPUSDT","SCALPING"
"1.6644184905214425","1.6987490771606646","1.273329262612639","61.67752919629985","2024-11-16 14:35:33.599343","2024-11-16 16:11:33.599343","262","1","XRPUSDT","DAY_TRADING"
"1.6987490771606646","1.609703319747967","-3.0899354095910763","66.91487948326704","2024-11-16 17:35:33.599343","2024-11-16 17:54:33.599343","263","2","XRPUSDT","SCALPING"
"1.609703319747967","1.594229515438024","-1.4325365058176853","115.04631112591179","2024-11-16 18:35:33.599343","2024-11-16 20:02:33.599343","264","2","XRPUSDT","DAY_TRADING"
"1.594229515438024","1.626055155686457","1.7161208373777437","89.98948637815909","2024-11-16 20:35:33.599343","2024-11-16 21:47:33.599343","265","2","XRPUSDT","DAY_TRADING"
"1.626055155686457","1.6584688165840853","2.825830484638093","145.51566487598893","2024-11-16 23:35:33.599343","2024-11-17 01:26:33.599343","266","1","XRPUSDT","DAY_TRADING"
"1.6584688165840853","1.5917950014155389","-6.3531596928201","181.71593490827382","2024-11-17 02:35:33.599343","2024-11-17 03:01:33.599343","267","1","XRPUSDT","SCALPING"
"1.5917950014155389","1.6343097345596995","1.8085329682908813","92.06394020688646","2024-11-17 05:35:33.599343","2024-11-17 05:59:33.599343","268","1","XRPUSDT","SCALPING"
"1.6343097345596995","1.5934846182784939","-3.19392162589212","108.75291484453722","2024-11-17 06:35:33.599343","2024-11-17 07:42:33.599343","269","1","XRPUSDT","DAY_TRADING"
"1.5934846182784939","1.671544699093282","2.6449442229571605","53.04383451855479","2024-11-17 08:35:33.599343","2024-11-17 10:28:33.599343","270","2","XRPUSDT","DAY_TRADING"
"1.671544699093282","1.6535687477876704","-1.013401923100888","47.57517686914218","2024-11-17 09:35:33.599343","2024-11-18 09:35:33.599343","271","1","XRPUSDT","SWING_TRADING"
"1.6535687477876704","1.5586123654500923","-1.7438776312706126","26.646172205794663","2024-11-17 10:35:33.599343","2024-11-17 11:30:33.599343","272","2","XRPUSDT","DAY_TRADING"
"1.5586123654500923","1.6209325826553995","3.0490318985653686","77.33337605561489","2024-11-17 12:35:33.599343","2024-11-17 13:10:33.599343","273","1","XRPUSDT","DAY_TRADING"
"1.6209325826553995","1.6382192737759895","0.6263611110804832","89.30448873251513","2024-11-17 15:35:33.599343","2024-11-17 15:36:33.599343","274","2","XRPUSDT","SCALPING"
"1.6382192737759895","1.6570400734262676","0.6949014916480029","44.758602797890035","2024-11-17 17:35:33.599343","2024-11-19 17:35:33.599343","275","1","XRPUSDT","SWING_TRADING"
"1.6570400734262676","1.568009475550199","-0.9494840626427247","20.583760217262622","2024-11-17 20:35:33.599343","2024-11-17 20:36:33.599343","276","1","XRPUSDT","SCALPING"
"1.568009475550199","1.5226896595613986","-1.5544937802366905","64.22132779450058","2024-11-17 23:35:33.599343","2024-11-17 23:45:33.599343","277","2","XRPUSDT","SCALPING"
"1.5226896595613986","1.5032462405583544","-0.5639023154945653","25.09650668320534","2024-11-18 02:35:33.599343","2024-11-19 02:35:33.599343","278","1","XRPUSDT","SWING_TRADING"
"1.5032462405583544","1.5512960243686111","3.6466504214592894","162.0904920706128","2024-11-18 05:35:33.599343","2024-11-18 06:02:33.599343","279","2","XRPUSDT","SCALPING"
"1.5512960243686111","1.511790099084589","-3.601569618373996","126.90814864947289","2024-11-18 08:35:33.599343","2024-11-18 09:15:33.599343","280","1","XRPUSDT","DAY_TRADING"
"1.511790099084589","1.499728450541313","-1.4466186085276616","191.9462047506794","2024-11-18 11:35:33.599343","2024-11-18 12:05:33.599343","281","1","XRPUSDT","SCALPING"
"1.499728450541313","1.4619015614133049","-0.7632189902607156","37.42322625843732","2024-11-18 13:35:33.599343","2024-11-18 13:56:33.599343","282","2","XRPUSDT","SCALPING"
"1.4619015614133049","1.5371400605009822","4.8919485059837","135.43702230328006","2024-11-18 14:35:33.599343","2024-11-18 14:37:33.599343","283","1","XRPUSDT","SCALPING"
"1.5371400605009822","1.543633921498909","0.11467950597070364","50.39990429582957","2024-11-18 15:35:33.599343","2024-11-18 16:23:33.599343","284","2","XRPUSDT","DAY_TRADING"
"1.543633921498909","1.569521388676586","1.7311719167446291","114.02135398095027","2024-11-18 16:35:33.599343","2024-11-18 17:34:33.599343","285","1","XRPUSDT","DAY_TRADING"
"1.569521388676586","1.5072879084652666","-5.862795160070476","179.536645885207","2024-11-18 18:35:33.599343","2024-11-18 18:46:33.599343","286","1","XRPUSDT","SCALPING"
"1.5072879084652666","1.433521901709125","-4.799564986543416","62.57025387559924","2024-11-18 20:35:33.599343","2024-11-23 20:35:33.599343","287","2","XRPUSDT","SWING_TRADING"
"1.433521901709125","1.440837638782178","0.20560262578799238","69.43880280857539","2024-11-18 23:35:33.599343","2024-11-19 00:51:33.599343","288","2","XRPUSDT","DAY_TRADING"
"1.440837638782178","1.4538666781073286","0.5777543589007335","57.0095974160879","2024-11-19 02:35:33.599343","2024-11-24 02:35:33.599343","289","2","XRPUSDT","SWING_TRADING"
"1.4538666781073286","1.4623534227574533","0.0618042201204151","22.189730813995453","2024-11-19 04:35:33.599343","2024-11-19 04:59:33.599343","290","1","XRPUSDT","SCALPING"
"1.4623534227574533","1.527588438197174","3.2824093488809267","105.46728151031266","2024-11-19 06:35:33.599343","2024-11-19 06:37:33.599343","291","1","XRPUSDT","SCALPING"
"1.527588438197174","1.4819822731679242","-1.6535336915447332","34.0123144565171","2024-11-19 08:35:33.599343","2024-11-24 08:35:33.599343","292","1","XRPUSDT","SWING_TRADING"
"1.4819822731679242","1.4676872990766234","-0.8848359880764542","51.3107725123351","2024-11-19 11:35:33.599343","2024-11-22 11:35:33.599343","293","2","XRPUSDT","SWING_TRADING"
"1.4676872990766234","1.43367110951336","-2.6039475059309423","70.53414023911455","2024-11-19 14:35:33.599343","2024-11-23 14:35:33.599343","294","1","XRPUSDT","SWING_TRADING"
"1.43367110951336","1.3963681651065727","-2.960949871644363","73.7784634989923","2024-11-19 16:35:33.599343","2024-11-24 16:35:33.599343","295","1","XRPUSDT","SWING_TRADING"
"1.3963681651065727","1.331690835582242","-1.7183063192555386","38.23818147604938","2024-11-19 17:35:33.599343","2024-11-19 18:18:33.599343","296","2","XRPUSDT","DAY_TRADING"
"1.331690835582242","1.3595228002467816","0.8777460931967422","52.369920782857555","2024-11-19 18:35:33.599343","2024-11-19 20:19:33.599343","297","2","XRPUSDT","DAY_TRADING"
"1.3595228002467816","1.3155267882594885","-4.056167579744231","173.8193836948205","2024-11-19 21:35:33.599343","2024-11-19 21:44:33.599343","298","1","XRPUSDT","SCALPING"
"1.3155267882594885","1.2694143291970412","-2.062280691065365","63.523330304491736","2024-11-19 23:35:33.599343","2024-11-20 00:31:33.599343","299","1","XRPUSDT","DAY_TRADING"
"1.2694143291970412","1.2699479138940823","-0.12402580099821232","61.834275312562774","2024-11-20 00:35:33.599343","2024-11-23 00:35:33.599343","300","1","XRPUSDT","SWING_TRADING"
"224.61251250337094","215.9747454695439","-1.6039893399761875","0.2650242469758527","2024-11-20 01:35:33.599343","2024-11-20 02:22:33.599343","301","2","LTCUSDT","DAY_TRADING"
"215.9747454695439","209.38765143482647","-1.4843528302456357","0.3175105994709919","2024-11-20 04:35:33.599343","2024-11-20 05:56:33.599343","302","1","LTCUSDT","DAY_TRADING"
"209.38765143482647","202.53031227241482","-0.9642428096014521","0.19897001706065703","2024-11-20 05:35:33.599343","2024-11-20 06:53:33.599343","303","1","LTCUSDT","DAY_TRADING"
"202.53031227241482","201.51558626404434","-0.42288254613109644","0.4470935857332664","2024-11-20 07:35:33.599343","2024-11-20 08:33:33.599343","304","2","LTCUSDT","DAY_TRADING"
"201.51558626404434","195.9336603278048","-1.3118935039406974","0.21940310882440414","2024-11-20 09:35:33.599343","2024-11-23 09:35:33.599343","305","2","LTCUSDT","SWING_TRADING"
"195.9336603278048","204.58699812859433","1.9839856840872858","0.4808020461062582","2024-11-20 11:35:33.599343","2024-11-20 12:02:33.599343","306","2","LTCUSDT","SCALPING"
"204.58699812859433","205.92501169545355","0.22046331514871714","0.3565438464385632","2024-11-20 13:35:33.599343","2024-11-20 14:51:33.599343","307","2","LTCUSDT","DAY_TRADING"
"205.92501169545355","213.50939147214734","1.8566178777114317","0.3886877947258598","2024-11-20 15:35:33.599343","2024-11-20 16:59:33.599343","308","1","LTCUSDT","DAY_TRADING"
"213.50939147214734","211.5885531936262","-0.27979521035402316","0.11926803788976295","2024-11-20 18:35:33.599343","2024-11-24 18:35:33.599343","309","2","LTCUSDT","SWING_TRADING"
"211.5885531936262","213.06432899612312","0.20346453833634853","0.19356873911273045","2024-11-20 21:35:33.599343","2024-11-23 21:35:33.599343","310","2","LTCUSDT","SWING_TRADING"
"213.06432899612312","213.33460194920477","-0.025000601573757344","0.2401964290233538","2024-11-20 22:35:33.599343","2024-11-20 23:30:33.599343","311","2","LTCUSDT","DAY_TRADING"
"213.33460194920477","221.19492414854415","2.1795864761376404","0.2935156652018634","2024-11-20 23:35:33.599343","2024-11-22 23:35:33.599343","312","2","LTCUSDT","SWING_TRADING"
"221.19492414854415","214.8745844040594","-0.7186458294952166","0.2127301063570558","2024-11-21 01:35:33.599343","2024-11-21 01:52:33.599343","313","2","LTCUSDT","SCALPING"
"214.8745844040594","208.51590856820084","-1.50270323677477","0.3323551770026321","2024-11-21 02:35:33.599343","2024-11-21 04:09:33.599343","314","2","LTCUSDT","DAY_TRADING"
"208.51590856820084","214.29648088325763","0.9939301806593653","0.18551226528633036","2024-11-21 03:35:33.599343","2024-11-25 03:35:33.599343","315","2","LTCUSDT","SWING_TRADING"
"214.29648088325763","213.48325128047816","-0.1730211207077515","0.20912951559184212","2024-11-21 04:35:33.599343","2024-11-21 05:46:33.599343","316","1","LTCUSDT","DAY_TRADING"
"213.48325128047816","214.0922849133162","0.07855882431586342","0.6493964097111355","2024-11-21 06:35:33.599343","2024-11-21 08:06:33.599343","317","1","LTCUSDT","DAY_TRADING"
"214.0922849133162","206.61042407233174","-0.8918774677422592","0.22571851832703882","2024-11-21 07:35:33.599343","2024-11-21 07:36:33.599343","318","2","LTCUSDT","SCALPING"
"206.61042407233174","208.17994535583924","0.21663540743880322","0.18760683099190056","2024-11-21 10:35:33.599343","2024-11-25 10:35:33.599343","319","1","LTCUSDT","SWING_TRADING"
"208.17994535583924","216.14358526014982","3.0286853369488616","0.6025782418780511","2024-11-21 12:35:33.599343","2024-11-21 13:48:33.599343","320","2","LTCUSDT","DAY_TRADING"
"216.14358526014982","210.70769317907047","-1.8981140130478462","0.48563801022420544","2024-11-21 13:35:33.599343","2024-11-21 15:30:33.599343","321","1","LTCUSDT","DAY_TRADING"
"210.70769317907047","208.5892901722884","-0.9712500201974306","0.7654569286942086","2024-11-21 15:35:33.599343","2024-11-21 15:40:33.599343","322","2","LTCUSDT","SCALPING"
"208.5892901722884","212.02532190946607","1.4216219573733153","0.9429023570515771","2024-11-21 17:35:33.599343","2024-11-21 17:39:33.599343","323","2","LTCUSDT","SCALPING"
"212.02532190946607","204.37967667023025","-1.691859235081784","0.41970942506560427","2024-11-21 18:35:33.599343","2024-11-21 18:51:33.599343","324","2","LTCUSDT","SCALPING"
"204.37967667023025","215.34166309121724","4.2515800878729415","0.40328905174699836","2024-11-21 21:35:33.599343","2024-11-22 21:35:33.599343","325","2","LTCUSDT","SWING_TRADING"
"215.34166309121724","216.84509633956574","0.3471773563740608","0.648174551731441","2024-11-21 23:35:33.599343","2024-11-21 23:55:33.599343","326","2","LTCUSDT","SCALPING"
"216.84509633956574","211.52202568769843","-1.0834534201714565","0.28256936685184664","2024-11-22 00:35:33.599343","2024-11-22 01:05:33.599343","327","2","LTCUSDT","DAY_TRADING"
"211.52202568769843","202.2011327047609","-3.4228964059175087","0.3516210969413591","2024-11-22 01:35:33.599343","2024-11-26 01:35:33.599343","328","1","LTCUSDT","SWING_TRADING"
"202.2011327047609","199.7952370823453","-1.1418416644037905","0.8133088221160849","2024-11-22 02:35:33.599343","2024-11-22 02:54:33.599343","329","1","LTCUSDT","SCALPING"
"199.7952370823453","205.9868564619593","0.8516576192499437","0.2943939060645354","2024-11-22 05:35:33.599343","2024-11-22 05:49:33.599343","330","2","LTCUSDT","SCALPING"
"205.9868564619593","199.4727502756001","-3.3225341523584864","0.9603302437482966","2024-11-22 08:35:33.599343","2024-11-22 08:58:33.599343","331","2","LTCUSDT","SCALPING"
"199.4727502756001","206.41555056715774","0.9748238369160168","0.14912604579970956","2024-11-22 10:35:33.599343","2024-11-25 10:35:33.599343","332","1","LTCUSDT","SWING_TRADING"
"206.41555056715774","211.13542913039137","1.081691530219416","0.5028401530179964","2024-11-22 11:35:33.599343","2024-11-22 11:47:33.599343","333","2","LTCUSDT","SCALPING"
"211.13542913039137","204.44509921019562","-1.553272660296661","0.32788324695604654","2024-11-22 14:35:33.599343","2024-11-22 15:50:33.599343","334","2","LTCUSDT","DAY_TRADING"
"204.44509921019562","214.9955471923304","1.7034835746362076","0.2522182915554687","2024-11-22 16:35:33.599343","2024-11-22 17:50:33.599343","335","1","LTCUSDT","DAY_TRADING"
"214.9955471923304","220.9946096842671","1.2574380477164098","0.45206604264038514","2024-11-22 17:35:33.599343","2024-11-22 18:04:33.599343","336","1","LTCUSDT","SCALPING"
"220.9946096842671","229.36492757357848","2.3963502304507487","0.4538565969534558","2024-11-22 18:35:33.599343","2024-11-22 20:22:33.599343","337","2","LTCUSDT","DAY_TRADING"
"229.36492757357848","229.26747786353863","-0.15270769515326363","0.2746135703758086","2024-11-22 19:35:33.599343","2024-11-27 19:35:33.599343","338","2","LTCUSDT","SWING_TRADING"
"229.26747786353863","218.92707291401737","-3.586925568655113","0.3324736976802008","2024-11-22 21:35:33.599343","2024-11-23 21:35:33.599343","339","1","LTCUSDT","SWING_TRADING"
"218.92707291401737","226.0287540933701","1.032698968321801","0.15513618388325912","2024-11-22 22:35:33.599343","2024-11-26 22:35:33.599343","340","1","LTCUSDT","SWING_TRADING"
"226.0287540933701","234.78789769777842","2.918791780780804","0.7034651195227404","2024-11-23 01:35:33.599343","2024-11-23 02:04:33.599343","341","2","LTCUSDT","SCALPING"
"234.78789769777842","244.2517930611936","3.7195873228987235","0.41398409261248503","2024-11-23 04:35:33.599343","2024-11-26 04:35:33.599343","342","2","LTCUSDT","SWING_TRADING"
"244.2517930611936","241.75455662467496","-0.9887779242283214","0.3314440007366318","2024-11-23 06:35:33.599343","2024-11-26 06:35:33.599343","343","1","LTCUSDT","SWING_TRADING"
"241.75455662467496","233.80704136111004","-4.02980561517927","0.4784244144291677","2024-11-23 09:35:33.599343","2024-11-25 09:35:33.599343","344","2","LTCUSDT","SWING_TRADING"
"233.80704136111004","234.373695896419","0.02955871497742596","0.4502524868897355","2024-11-23 10:35:33.599343","2024-11-23 12:31:33.599343","345","2","LTCUSDT","DAY_TRADING"
"234.373695896419","243.60886180864858","2.868022400954327","0.3275051217778291","2024-11-23 13:35:33.599343","2024-11-24 13:35:33.599343","346","1","LTCUSDT","SWING_TRADING"
"243.60886180864858","240.66217383334345","-0.9246961479898711","0.26951535854536623","2024-11-23 14:35:33.599343","2024-11-24 14:35:33.599343","347","1","LTCUSDT","SWING_TRADING"
"240.66217383334345","248.53327119540714","1.4458688013058176","0.3917334089658492","2024-11-23 17:35:33.599343","2024-11-23 17:40:33.599343","348","1","LTCUSDT","SCALPING"
"248.53327119540714","250","0.4723106037341416","0.9756512758879938","2024-11-23 20:35:33.599343","2024-11-23 20:49:33.599343","349","1","LTCUSDT","SCALPING"
"250","250","-0.05530323467482668","0.16590970402448002","2024-11-23 21:35:33.599343","2024-11-23 22:08:33.599343","350","2","LTCUSDT","DAY_TRADING"
"250","250","-0.12129999965492536","0.2425999993098507","2024-11-23 22:35:33.599343","2024-11-27 22:35:33.599343","351","2","LTCUSDT","SWING_TRADING"
"250","250","-0.1510779157328186","0.6043116629312744","2024-11-24 01:35:33.599343","2024-11-24 01:59:33.599343","352","2","LTCUSDT","SCALPING"
"250","247.1929785562426","-1.2515252413057143","0.5681495272465014","2024-11-24 04:35:33.599343","2024-11-24 05:37:33.599343","353","2","LTCUSDT","DAY_TRADING"
"247.1929785562426","250","0.6625238852091828","0.43024226378092756","2024-11-24 05:35:33.599343","2024-11-24 06:53:33.599343","354","1","LTCUSDT","DAY_TRADING"
"250","245.03501869227628","-1.06468560541852","0.19499678055310682","2024-11-24 08:35:33.599343","2024-11-29 08:35:33.599343","355","1","LTCUSDT","SWING_TRADING"
"245.03501869227628","238.64760534366644","-2.1243126338977305","0.46374973709174006","2024-11-24 10:35:33.599343","2024-11-24 11:49:33.599343","356","2","LTCUSDT","DAY_TRADING"
"238.64760534366644","237.07821281960224","-0.9429001028185611","0.9220983288346913","2024-11-24 11:35:33.599343","2024-11-24 11:45:33.599343","357","2","LTCUSDT","SCALPING"
"237.07821281960224","227.4562035000327","-2.932295977310041","0.5814273063381596","2024-11-24 14:35:33.599343","2024-11-24 14:39:33.599343","358","2","LTCUSDT","SCALPING"
"227.4562035000327","224.2123292940921","-0.8415546557023096","0.34158229867628465","2024-11-24 16:35:33.599343","2024-11-24 18:25:33.599343","359","1","LTCUSDT","DAY_TRADING"
"224.2123292940921","227.34940419501845","0.8273199803707494","0.462101614545563","2024-11-24 17:35:33.599343","2024-11-24 18:15:33.599343","360","1","LTCUSDT","DAY_TRADING"
"227.34940419501845","220.40725043431522","-2.2313237014608656","0.6038838297231102","2024-11-24 19:35:33.599343","2024-11-24 19:39:33.599343","361","2","LTCUSDT","SCALPING"
"220.40725043431522","220.02949674710237","-0.14275069624138337","0.3489424716803664","2024-11-24 22:35:33.599343","2024-11-24 23:04:33.599343","362","2","LTCUSDT","SCALPING"
"220.02949674710237","223.77189007332245","1.6229774096964906","0.9840425487681705","2024-11-25 01:35:33.599343","2024-11-25 02:02:33.599343","363","1","LTCUSDT","SCALPING"
"223.77189007332245","218.52938171723383","-1.9081191304526532","0.5034783718424654","2024-11-25 02:35:33.599343","2024-11-25 04:06:33.599343","364","2","LTCUSDT","DAY_TRADING"
"218.52938171723383","216.8731856013101","-0.6217290851356579","0.44587598719360105","2024-11-25 04:35:33.599343","2024-11-25 05:57:33.599343","365","1","LTCUSDT","DAY_TRADING"
"216.8731856013101","205.90601327322452","-1.7482616860247162","0.23023737395456406","2024-11-25 07:35:33.599343","2024-11-25 09:18:33.599343","366","2","LTCUSDT","DAY_TRADING"
"205.90601327322452","204.80158094512566","-0.6447263761845731","0.6382839961063309","2024-11-25 09:35:33.599343","2024-11-25 11:34:33.599343","367","1","LTCUSDT","DAY_TRADING"
"204.80158094512566","210.58475250321004","2.5082530150736777","0.700918417030298","2024-11-25 12:35:33.599343","2024-11-25 13:44:33.599343","368","2","LTCUSDT","DAY_TRADING"
"210.58475250321004","209.86992278273584","-0.15712968125553528","0.2768111353284777","2024-11-25 15:35:33.599343","2024-11-25 15:59:33.599343","369","1","LTCUSDT","SCALPING"
"209.86992278273584","217.46714276673194","3.19535838595513","0.4456639560646286","2024-11-25 17:35:33.599343","2024-11-28 17:35:33.599343","370","1","LTCUSDT","SWING_TRADING"
"217.46714276673194","221.763165846875","1.3833920809264897","0.7173795238046383","2024-11-25 20:35:33.599343","2024-11-25 21:04:33.599343","371","2","LTCUSDT","SCALPING"
"221.763165846875","223.68994419784147","0.6561959635509687","0.44297899301483334","2024-11-25 22:35:33.599343","2024-11-27 22:35:33.599343","372","2","LTCUSDT","SWING_TRADING"
"223.68994419784147","212.59914897709567","-4.92782543295405","0.6412495951386774","2024-11-26 00:35:33.599343","2024-11-26 01:47:33.599343","373","1","LTCUSDT","DAY_TRADING"
"212.59914897709567","213.49721415542024","0.09066143396966655","0.2881380010227184","2024-11-26 03:35:33.599343","2024-11-26 05:20:33.599343","374","2","LTCUSDT","DAY_TRADING"
"213.49721415542024","203.01534100974004","-3.2020876643898797","0.5876260489003436","2024-11-26 05:35:33.599343","2024-11-26 05:39:33.599343","375","2","LTCUSDT","SCALPING"
"203.01534100974004","202.68753776721914","-0.14312056207812107","0.2926776435584847","2024-11-26 08:35:33.599343","2024-11-26 09:57:33.599343","376","2","LTCUSDT","DAY_TRADING"
"202.68753776721914","206.87010852593622","0.6790264501753047","0.3599385583577118","2024-11-26 09:35:33.599343","2024-11-26 09:39:33.599343","377","1","LTCUSDT","SCALPING"
"206.87010852593622","198.71989581059316","-2.9305913215126886","0.5137901289095708","2024-11-26 11:35:33.599343","2024-11-26 12:42:33.599343","378","2","LTCUSDT","DAY_TRADING"
"198.71989581059316","188.61261936803626","-1.490188760128208","0.141995644252166","2024-11-26 12:35:33.599343","2024-11-28 12:35:33.599343","379","2","LTCUSDT","SWING_TRADING"
"188.61261936803626","183.71201551544476","-2.518224912868501","0.9551523100873265","2024-11-26 13:35:33.599343","2024-11-26 13:46:33.599343","380","1","LTCUSDT","SCALPING"
"183.71201551544476","190.8604476124652","2.055224790535556","0.3034052817174394","2024-11-26 16:35:33.599343","2024-12-01 16:35:33.599343","381","2","LTCUSDT","SWING_TRADING"
"190.8604476124652","182.47020375486915","-3.4798669958787474","0.7941661230402126","2024-11-26 17:35:33.599343","2024-11-26 17:38:33.599343","382","2","LTCUSDT","SCALPING"
"182.47020375486915","174.88264410770284","-3.0179540977287362","0.7597199087131716","2024-11-26 19:35:33.599343","2024-11-26 19:50:33.599343","383","2","LTCUSDT","SCALPING"
"174.88264410770284","179.7493867414707","1.309905928002148","0.290308913783016","2024-11-26 22:35:33.599343","2024-11-27 22:35:33.599343","384","1","LTCUSDT","SWING_TRADING"
"179.7493867414707","178.25812669993908","-0.64786941551986","0.7006767774383134","2024-11-27 01:35:33.599343","2024-11-27 01:52:33.599343","385","1","LTCUSDT","SCALPING"
"178.25812669993908","177.1836469127898","-0.6530033313294393","0.4566707358279539","2024-11-27 03:35:33.599343","2024-12-01 03:35:33.599343","386","2","LTCUSDT","SWING_TRADING"
"177.1836469127898","184.47369551533419","2.3357742275994715","0.6742616402296773","2024-11-27 05:35:33.599343","2024-11-27 05:46:33.599343","387","2","LTCUSDT","SCALPING"
"184.47369551533419","193.54132369681093","3.044540971955434","0.7007310717067627","2024-11-27 08:35:33.599343","2024-11-27 08:37:33.599343","388","1","LTCUSDT","SCALPING"
"193.54132369681093","193.06754231765106","-0.13370248203116392","0.3107949742132945","2024-11-27 11:35:33.599343","2024-11-27 11:51:33.599343","389","2","LTCUSDT","SCALPING"
"193.06754231765106","200.8035359160149","1.5903289652586505","0.433206871963355","2024-11-27 13:35:33.599343","2024-11-27 13:51:33.599343","390","1","LTCUSDT","SCALPING"
"200.8035359160149","196.0956720586205","-0.8771855723613075","0.34367337372117235","2024-11-27 14:35:33.599343","2024-11-27 14:54:33.599343","391","1","LTCUSDT","SCALPING"
"196.0956720586205","195.09748598321642","-0.583031915213297","0.6294522415243724","2024-11-27 16:35:33.599343","2024-11-27 17:12:33.599343","392","1","LTCUSDT","DAY_TRADING"
"195.09748598321642","187.08153110061434","-1.4569713916277331","0.17348751627813708","2024-11-27 17:35:33.599343","2024-12-01 17:35:33.599343","393","2","LTCUSDT","SWING_TRADING"
"187.08153110061434","191.8882733608887","1.7512230561084132","0.5932632289435003","2024-11-27 18:35:33.599343","2024-11-27 20:19:33.599343","394","2","LTCUSDT","DAY_TRADING"
"191.8882733608887","183.5566582353866","-2.460319774133858","0.28256607373784026","2024-11-27 21:35:33.599343","2024-11-28 21:35:33.599343","395","1","LTCUSDT","SWING_TRADING"
"183.5566582353866","177.40611368803195","-1.3427832954134769","0.3093254517517037","2024-11-27 23:35:33.599343","2024-11-28 00:27:33.599343","396","2","LTCUSDT","DAY_TRADING"
"177.40611368803195","181.24252288630424","0.40802347124699434","0.11732362363893847","2024-11-28 01:35:33.599343","2024-12-02 01:35:33.599343","397","1","LTCUSDT","SWING_TRADING"
"181.24252288630424","184.1781350620919","0.721016999912223","0.5610609130936461","2024-11-28 02:35:33.599343","2024-11-28 02:47:33.599343","398","1","LTCUSDT","SCALPING"
"184.1781350620919","181.31999788209632","-0.39125449072564056","0.18205587143579716","2024-11-28 03:35:33.599343","2024-11-28 04:56:33.599343","399","1","LTCUSDT","DAY_TRADING"
"181.31999788209632","188.39301002374114","3.0900304359903514","0.9219431728587606","2024-11-28 06:35:33.599343","2024-11-28 06:45:33.599343","400","2","LTCUSDT","SCALPING"
"450.5900827586347","434.3238948468808","-14.737789135187686","1.28893664356904","2024-11-28 07:35:33.599343","2024-11-28 08:50:33.599343","401","1","BNBUSDT","DAY_TRADING"
"434.3238948468808","454.9202474565139","10.39430741485282","1.0548789978077646","2024-11-28 10:35:33.599343","2024-11-28 10:50:33.599343","402","1","BNBUSDT","SCALPING"
"454.9202474565139","443.68974150753604","-7.065578673039469","0.5825303929148834","2024-11-28 11:35:33.599343","2024-12-01 11:35:33.599343","403","2","BNBUSDT","SWING_TRADING"
"443.68974150753604","453.9830667785643","8.259025605228414","0.8790262983841762","2024-11-28 13:35:33.599343","2024-12-02 13:35:33.599343","404","2","BNBUSDT","SWING_TRADING"
"453.9830667785643","444.68928692858276","-18.38938200611398","1.8042156724030334","2024-11-28 16:35:33.599343","2024-11-30 16:35:33.599343","405","2","BNBUSDT","SWING_TRADING"
"444.68928692858276","452.5589233739149","4.656164323971449","1.3356009926637826","2024-11-28 19:35:33.599343","2024-11-28 19:52:33.599343","406","1","BNBUSDT","SCALPING"
"452.5589233739149","459.9754791788576","11.03092796877365","1.6960165544228278","2024-11-28 20:35:33.599343","2024-12-02 20:35:33.599343","407","1","BNBUSDT","SWING_TRADING"
"459.9754791788576","465.839141255079","7.164733090256993","2.9019661520160724","2024-11-28 22:35:33.599343","2024-11-28 22:46:33.599343","408","2","BNBUSDT","SCALPING"
"465.839141255079","472.60973473062546","5.867757066231566","2.0122124772672882","2024-11-29 01:35:33.599343","2024-11-29 01:52:33.599343","409","2","BNBUSDT","SCALPING"
"472.60973473062546","470.7370061264652","-2.063045386129306","0.7325959476828507","2024-11-29 04:35:33.599343","2024-12-02 04:35:33.599343","410","2","BNBUSDT","SWING_TRADING"
"470.7370061264652","472.781384150153","0.5990174973321165","0.8162041905505852","2024-11-29 05:35:33.599343","2024-11-29 07:34:33.599343","411","2","BNBUSDT","DAY_TRADING"
"472.781384150153","489.9551409281111","18.303748023109865","1.6936393642335568","2024-11-29 07:35:33.599343","2024-11-29 09:13:33.599343","412","2","BNBUSDT","DAY_TRADING"
"489.9551409281111","484.47529599846627","-9.844717475025535","2.287952616496854","2024-11-29 09:35:33.599343","2024-11-29 11:30:33.599343","413","2","BNBUSDT","DAY_TRADING"
"484.47529599846627","489.3668282232254","4.286608819697969","1.6412511108688397","2024-11-29 11:35:33.599343","2024-11-29 13:27:33.599343","414","1","BNBUSDT","DAY_TRADING"
"489.3668282232254","475.88418258635716","-17.047225874748367","1.1799105634859528","2024-11-29 14:35:33.599343","2024-12-04 14:35:33.599343","415","1","BNBUSDT","SWING_TRADING"
"475.88418258635716","483.34415396857037","5.788051564616675","1.335551534024037","2024-11-29 15:35:33.599343","2024-11-29 16:13:33.599343","416","1","BNBUSDT","DAY_TRADING"
"483.34415396857037","485.6425977960515","1.4104521497974105","1.0609234217187704","2024-11-29 16:35:33.599343","2024-12-02 16:35:33.599343","417","1","BNBUSDT","SWING_TRADING"
"485.6425977960515","472.7040442292914","-18.836380008872798","2.7108750477987416","2024-11-29 17:35:33.599343","2024-11-29 18:03:33.599343","418","1","BNBUSDT","SCALPING"
"472.7040442292914","464.4562153364352","-13.216107218029544","1.4388810916063708","2024-11-29 18:35:33.599343","2024-11-30 18:35:33.599343","419","1","BNBUSDT","SWING_TRADING"
"464.4562153364352","478.77144874509617","9.344937664814815","1.0482650669593392","2024-11-29 19:35:33.599343","2024-11-29 20:43:33.599343","420","1","BNBUSDT","DAY_TRADING"
"478.77144874509617","489.1588483342473","15.75296162366168","3.3447662782701975","2024-11-29 21:35:33.599343","2024-11-29 21:49:33.599343","421","2","BNBUSDT","SCALPING"
"489.1588483342473","476.7903076558895","-24.106176981779086","1.8078064688822688","2024-11-30 00:35:33.599343","2024-12-01 00:35:33.599343","422","2","BNBUSDT","SWING_TRADING"
"476.7903076558895","492.4229438104965","9.402016232932466","1.2823767404155975","2024-11-30 03:35:33.599343","2024-11-30 04:02:33.599343","423","2","BNBUSDT","SCALPING"
"492.4229438104965","498.24225670402075","6.286834408389727","1.9529798428318734","2024-11-30 06:35:33.599343","2024-11-30 07:50:33.599343","424","2","BNBUSDT","DAY_TRADING"
"498.24225670402075","506.4663704752683","7.16735488061072","1.985580456445132","2024-11-30 07:35:33.599343","2024-11-30 08:00:33.599343","425","2","BNBUSDT","SCALPING"
"506.4663704752683","498.9117016437709","-14.410364325817458","1.6834445521238197","2024-11-30 09:35:33.599343","2024-12-05 09:35:33.599343","426","1","BNBUSDT","SWING_TRADING"
"498.9117016437709","501.6436766169291","1.7291944767174403","1.9974297181496725","2024-11-30 11:35:33.599343","2024-11-30 11:39:33.599343","427","1","BNBUSDT","SCALPING"
"501.6436766169291","502.91264639702166","0.31325528753518816","1.1847176425746617","2024-11-30 13:35:33.599343","2024-12-05 13:35:33.599343","428","2","BNBUSDT","SWING_TRADING"
"502.91264639702166","517.9047428686953","20.967714287121282","3.001545408039701","2024-11-30 15:35:33.599343","2024-11-30 15:55:33.599343","429","2","BNBUSDT","SCALPING"
"517.9047428686953","520.4126755785047","1.4626622686556565","1.990537628796531","2024-11-30 17:35:33.599343","2024-11-30 17:57:33.599343","430","2","BNBUSDT","SCALPING"
"520.4126755785047","523.547043076651","2.84001832355835","2.037893049926636","2024-11-30 18:35:33.599343","2024-11-30 19:55:33.599343","431","1","BNBUSDT","DAY_TRADING"
"523.547043076651","516.042317716488","-5.486493754546148","1.2842443036630569","2024-11-30 21:35:33.599343","2024-11-30 21:44:33.599343","432","2","BNBUSDT","SCALPING"
"516.042317716488","495.3356146540379","-21.823909637887173","1.0048728358224546","2024-12-01 00:35:33.599343","2024-12-04 00:35:33.599343","433","1","BNBUSDT","SWING_TRADING"
"495.3356146540379","476.854820206243","-30.90679287594612","3.1775887415101507","2024-12-01 03:35:33.599343","2024-12-01 03:53:33.599343","434","2","BNBUSDT","SCALPING"
"476.854820206243","486.61456003114273","10.338287351667807","2.3506069797890716","2024-12-01 04:35:33.599343","2024-12-01 04:38:33.599343","435","2","BNBUSDT","SCALPING"
"486.61456003114273","468.4910222594794","-32.32970562656643","1.6945495036923706","2024-12-01 05:35:33.599343","2024-12-06 05:35:33.599343","436","1","BNBUSDT","SWING_TRADING"
"468.4910222594794","489.60217853281034","28.2002477539219","2.0989549568037114","2024-12-01 06:35:33.599343","2024-12-01 07:40:33.599343","437","1","BNBUSDT","DAY_TRADING"
"489.60217853281034","507.2749585305664","22.347324905058645","2.68019370126391","2024-12-01 08:35:33.599343","2024-12-01 09:02:33.599343","438","2","BNBUSDT","SCALPING"
"507.2749585305664","492.5081226523112","-26.034867164147492","3.3025301405616556","2024-12-01 11:35:33.599343","2024-12-01 11:48:33.599343","439","2","BNBUSDT","SCALPING"
"492.5081226523112","497.66347134500677","2.174688546232017","0.783167856264149","2024-12-01 13:35:33.599343","2024-12-01 14:29:33.599343","440","1","BNBUSDT","DAY_TRADING"
"497.66347134500677","495.05911041114894","-5.95486277876984","2.4832045542957317","2024-12-01 16:35:33.599343","2024-12-01 18:19:33.599343","441","1","BNBUSDT","DAY_TRADING"
"495.05911041114894","507.6418630909399","15.230089755195483","1.3152004966371889","2024-12-01 18:35:33.599343","2024-12-02 18:35:33.599343","442","1","BNBUSDT","SWING_TRADING"
"507.6418630909399","508.878700344181","0.32414370990598473","1.4712626183310582","2024-12-01 21:35:33.599343","2024-12-05 21:35:33.599343","443","1","BNBUSDT","SWING_TRADING"
"508.878700344181","520.0591282515368","5.977936934636776","1.177745707922114","2024-12-02 00:35:33.599343","2024-12-02 00:45:33.599343","444","1","BNBUSDT","SCALPING"
"520.0591282515368","510.1932802128833","-17.51021074713986","1.6070162745031793","2024-12-02 02:35:33.599343","2024-12-07 02:35:33.599343","445","2","BNBUSDT","SWING_TRADING"
"510.1932802128833","521.96055103082","16.593831536609645","3.0915045559687626","2024-12-02 05:35:33.599343","2024-12-02 05:59:33.599343","446","2","BNBUSDT","SCALPING"
"521.96055103082","517.7353180485471","-6.29540216176193","1.1957240713984119","2024-12-02 06:35:33.599343","2024-12-03 06:35:33.599343","447","1","BNBUSDT","SWING_TRADING"
"517.7353180485471","527.5984237643847","11.914636408626269","1.3512071352859107","2024-12-02 09:35:33.599343","2024-12-06 09:35:33.599343","448","1","BNBUSDT","SWING_TRADING"
"527.5984237643847","517.1663535664537","-8.851341558079799","1.156853118977323","2024-12-02 11:35:33.599343","2024-12-02 13:35:33.599343","449","1","BNBUSDT","DAY_TRADING"
"517.1663535664537","504.453654807075","-18.00171220287789","1.96606535503734","2024-12-02 13:35:33.599343","2024-12-02 14:57:33.599343","450","1","BNBUSDT","DAY_TRADING"
"504.453654807075","483.9113640544136","-32.7716450378095","3.0441845697198193","2024-12-02 15:35:33.599343","2024-12-02 15:54:33.599343","451","2","BNBUSDT","SCALPING"
"483.9113640544136","477.2311746935435","-8.156369638088988","1.6011023494143775","2024-12-02 16:35:33.599343","2024-12-02 18:29:33.599343","452","2","BNBUSDT","DAY_TRADING"
"477.2311746935435","466.12957058827453","-13.726288734293604","1.7093809203186603","2024-12-02 17:35:33.599343","2024-12-02 19:07:33.599343","453","1","BNBUSDT","DAY_TRADING"
"466.12957058827453","473.92933541025997","10.39996981805904","1.5160955798150721","2024-12-02 20:35:33.599343","2024-12-04 20:35:33.599343","454","1","BNBUSDT","SWING_TRADING"
"473.92933541025997","459.1222431805647","-16.528540139968573","2.1001765093489713","2024-12-02 23:35:33.599343","2024-12-02 23:39:33.599343","455","2","BNBUSDT","SCALPING"
"459.1222431805647","441.86670627843165","-16.986091345947745","1.8710728566454629","2024-12-03 02:35:33.599343","2024-12-03 02:50:33.599343","456","2","BNBUSDT","SCALPING"
"441.86670627843165","433.69049008632754","-9.528717837213023","1.5790360786127953","2024-12-03 04:35:33.599343","2024-12-03 06:07:33.599343","457","1","BNBUSDT","DAY_TRADING"
"433.69049008632754","438.829039246898","5.396776204358487","1.8975874539788395","2024-12-03 06:35:33.599343","2024-12-03 08:01:33.599343","458","2","BNBUSDT","DAY_TRADING"
"438.829039246898","428.1549571429968","-11.849004931874818","1.0266820091755624","2024-12-03 07:35:33.599343","2024-12-04 07:35:33.599343","459","1","BNBUSDT","SWING_TRADING"
"428.1549571429968","428.8110679456668","-0.1360428256489415","1.3546356824656778","2024-12-03 10:35:33.599343","2024-12-03 11:05:33.599343","460","1","BNBUSDT","SCALPING"
"428.8110679456668","437.64323890439687","12.422195071967245","2.3391859668462143","2024-12-03 13:35:33.599343","2024-12-03 14:47:33.599343","461","2","BNBUSDT","DAY_TRADING"
"437.64323890439687","418.46776025484087","-27.6628884249419","2.761926428211963","2024-12-03 15:35:33.599343","2024-12-03 15:52:33.599343","462","1","BNBUSDT","SCALPING"
"418.46776025484087","415.2244845287722","-7.654379578715809","3.754937312944217","2024-12-03 18:35:33.599343","2024-12-03 18:44:33.599343","463","1","BNBUSDT","SCALPING"
"415.2244845287722","400","-13.892294629128667","1.2991783034475648","2024-12-03 21:35:33.599343","2024-12-03 23:34:33.599343","464","2","BNBUSDT","DAY_TRADING"
"400","400","-0.9004161459671018","1.1255201824588772","2024-12-04 00:35:33.599343","2024-12-08 00:35:33.599343","465","2","BNBUSDT","SWING_TRADING"
"400","400","-0.798589465683824","1.4973552481571701","2024-12-04 03:35:33.599343","2024-12-04 05:32:33.599343","466","1","BNBUSDT","DAY_TRADING"
"400","419.04244151933494","27.40612536049605","1.5038975573914255","2024-12-04 05:35:33.599343","2024-12-09 05:35:33.599343","467","1","BNBUSDT","SWING_TRADING"
"419.04244151933494","416.3586237751904","-3.0923008579299696","1.7573791374585415","2024-12-04 06:35:33.599343","2024-12-04 06:48:33.599343","468","2","BNBUSDT","SCALPING"
"416.3586237751904","427.59274540890846","10.721551285937071","1.0318937046233243","2024-12-04 09:35:33.599343","2024-12-06 09:35:33.599343","469","2","BNBUSDT","SWING_TRADING"
"427.59274540890846","413.9931148155035","-26.52229685493637","1.8365694427543005","2024-12-04 12:35:33.599343","2024-12-05 12:35:33.599343","470","1","BNBUSDT","SWING_TRADING"
"413.9931148155035","432.45418154207016","23.834101933123087","2.0296295949699217","2024-12-04 15:35:33.599343","2024-12-04 17:06:33.599343","471","2","BNBUSDT","DAY_TRADING"
"432.45418154207016","425.86456441505726","-9.615053604014781","1.2909689030634157","2024-12-04 18:35:33.599343","2024-12-05 18:35:33.599343","472","1","BNBUSDT","SWING_TRADING"
"425.86456441505726","438.4763933357516","21.12472516850192","1.798233395525759","2024-12-04 21:35:33.599343","2024-12-08 21:35:33.599343","473","1","BNBUSDT","SWING_TRADING"
"438.4763933357516","446.54777010952927","6.81430137850549","1.8964561713011483","2024-12-05 00:35:33.599343","2024-12-05 00:41:33.599343","474","2","BNBUSDT","SCALPING"
"446.54777010952927","455.9764084104194","16.161927439949388","2.8433693018859927","2024-12-05 03:35:33.599343","2024-12-05 04:39:33.599343","475","1","BNBUSDT","DAY_TRADING"
"455.9764084104194","472.9296058997202","18.969087666677847","1.183770758057118","2024-12-05 05:35:33.599343","2024-12-10 05:35:33.599343","476","1","BNBUSDT","SWING_TRADING"
"472.9296058997202","460.80144517808236","-22.88867492674894","3.504649299661178","2024-12-05 06:35:33.599343","2024-12-05 06:44:33.599343","477","1","BNBUSDT","SCALPING"
"460.80144517808236","456.26161918626855","-6.617732565251279","2.4254598168012356","2024-12-05 07:35:33.599343","2024-12-05 07:37:33.599343","478","1","BNBUSDT","SCALPING"
"456.26161918626855","466.5541512881304","13.154403320218401","2.8078551911230587","2024-12-05 09:35:33.599343","2024-12-05 10:03:33.599343","479","1","BNBUSDT","SCALPING"
"466.5541512881304","448.0284315683363","-29.52189611715867","2.2778886606974376","2024-12-05 12:35:33.599343","2024-12-05 13:45:33.599343","480","1","BNBUSDT","DAY_TRADING"
"448.0284315683363","434.9397252545237","-18.58666062874019","1.9954652537679831","2024-12-05 13:35:33.599343","2024-12-05 14:38:33.599343","481","1","BNBUSDT","DAY_TRADING"
"434.9397252545237","417.5589564351347","-15.93998032460971","1.3113376681113287","2024-12-05 16:35:33.599343","2024-12-05 18:01:33.599343","482","2","BNBUSDT","DAY_TRADING"
"417.5589564351347","424.3377648856749","10.612862735455177","2.6814099365556565","2024-12-05 19:35:33.599343","2024-12-05 20:58:33.599343","483","2","BNBUSDT","DAY_TRADING"
"424.3377648856749","427.83667609775404","3.714877526971429","2.1053534115333736","2024-12-05 22:35:33.599343","2024-12-05 23:29:33.599343","484","1","BNBUSDT","DAY_TRADING"
"427.83667609775404","448.2000863531358","26.42453075776088","2.0339732366200964","2024-12-06 01:35:33.599343","2024-12-06 02:05:33.599343","485","1","BNBUSDT","DAY_TRADING"
"448.2000863531358","433.19407470131705","-11.871071153784586","1.4944001926564643","2024-12-06 04:35:33.599343","2024-12-06 05:02:33.599343","486","2","BNBUSDT","SCALPING"
"433.19407470131705","431.67353144345054","-2.695719017238804","1.6951287456864264","2024-12-06 06:35:33.599343","2024-12-06 07:50:33.599343","487","1","BNBUSDT","DAY_TRADING"
"431.67353144345054","450.914113805404","9.565063219247728","1.042059698442351","2024-12-06 07:35:33.599343","2024-12-06 07:42:33.599343","488","1","BNBUSDT","SCALPING"
"450.914113805404","435.0700970346275","-23.65109823365119","1.4136937744139892","2024-12-06 09:35:33.599343","2024-12-11 09:35:33.599343","489","2","BNBUSDT","SWING_TRADING"
"435.0700970346275","419.2923142916695","-27.367239379762307","3.2908851054264363","2024-12-06 12:35:33.599343","2024-12-06 12:40:33.599343","490","2","BNBUSDT","SCALPING"
"419.2923142916695","427.6807869447947","10.597677182526265","2.1078720040244825","2024-12-06 13:35:33.599343","2024-12-06 14:22:33.599343","491","1","BNBUSDT","DAY_TRADING"
"427.6807869447947","445.2937112674525","19.653434377403936","2.3480876088055846","2024-12-06 14:35:33.599343","2024-12-06 14:38:33.599343","492","2","BNBUSDT","SCALPING"
"445.2937112674525","462.486899224735","14.452497648767137","1.3311761880751112","2024-12-06 17:35:33.599343","2024-12-06 19:13:33.599343","493","2","BNBUSDT","DAY_TRADING"
"462.486899224735","458.74862611107454","-3.253575303724825","1.3965315039852353","2024-12-06 19:35:33.599343","2024-12-06 19:58:33.599343","494","2","BNBUSDT","SCALPING"
"458.74862611107454","448.7953586027959","-16.900340315732937","3.1121689804923243","2024-12-06 20:35:33.599343","2024-12-06 20:55:33.599343","495","2","BNBUSDT","SCALPING"
"448.7953586027959","441.2009845493783","-16.00928319504404","1.8869146968779904","2024-12-06 23:35:33.599343","2024-12-07 23:35:33.599343","496","2","BNBUSDT","SWING_TRADING"
"441.2009845493783","446.9968849393386","6.203975357355464","1.2641302791839368","2024-12-07 01:35:33.599343","2024-12-09 01:35:33.599343","497","1","BNBUSDT","SWING_TRADING"
"446.9968849393386","440.84823975622504","-7.148261920479649","1.52382685283027","2024-12-07 03:35:33.599343","2024-12-07 04:49:33.599343","498","1","BNBUSDT","DAY_TRADING"
"440.84823975622504","451.00500586999704","11.321666076851177","1.8329906990993157","2024-12-07 04:35:33.599343","2024-12-07 05:30:33.599343","499","2","BNBUSDT","DAY_TRADING"
"451.00500586999704","451.1341080286004","-1.4497576671148544","1.8754053828657695","2024-12-07 07:35:33.599343","2024-12-11 07:35:33.599343","500","1","BNBUSDT","SWING_TRADING"
